target,collocate,exp_local,obs_local,ratio_local,obs_global,p_value
黛玉,宝玉,81.72461968332816,176,2.1535738028757576,2507,0.0
黛玉,宝钗,13.919590189382179,76,5.459930857588938,427,0.0
黛玉,紫鹃,6.226327227569078,72,11.563799551234107,191,0.0
黛玉,起来,26.14405464141571,70,2.677472984206151,802,0.0
黛玉,贾母,27.415398944427196,70,2.5533095521204916,841,0.0
黛玉,说道,30.316671841043153,63,2.0780645161290323,930,1.8530226575386166e-08
黛玉,只见,22.7864017385905,61,2.67703522038286,699,0.0
黛玉,姑娘,21.515057435579013,56,2.6028282828282827,660,0.0
黛玉,进来,17.79882024216082,45,2.5282574568288854,546,8.853295763167068e-09
黛玉,两个,19.559143123253648,44,2.249587301587302,600,3.8243655342551364e-07
黛玉,探春,10.301148711580254,44,4.271368294153104,316,0.0
黛玉,湘云,8.638621546103694,44,5.09340521114106,265,0.0
黛玉,众人,23.37317603228811,40,1.7113634854220627,717,0.0006179932972791846
黛玉,听见,19.070164545172307,38,1.9926414326414326,585,3.95011371061571e-05
黛玉,一面,15.777708786091276,38,2.408461235733963,484,4.711780278165989e-07
黛玉,王夫人,23.666563179136915,38,1.6056408238226418,726,0.002636985774808198
黛玉,姊妹,6.584911518162062,33,5.0114568599717115,202,0.0
黛玉,二人,8.508227258615337,32,3.7610654989965333,261,4.329137048841858e-11
黛玉,一时,11.800683017696368,32,2.7117074454091026,362,2.957422284843858e-07
黛玉,一回,8.89941012108041,32,3.595743938601082,273,2.835760515296215e-10
黛玉,只得,14.96274448928904,32,2.1386450876646954,459,4.317406768805654e-05
黛玉,问道,8.83421297733623,31,3.5090845194166227,271,1.1031036084574453e-09
黛玉,今日,10.887923005277864,30,2.755346449957228,334,5.002228564698896e-07
黛玉,心中,6.09593294008072,30,4.921313980137509,187,0.0
黛玉,原来,7.595467246196833,29,3.818066625791948,233,5.012237291879273e-10
黛玉,妹妹,7.334678671220118,29,3.953820105820106,225,2.0989954219174933e-10
黛玉,不知,19.88512884197454,28,1.408087431693989,610,0.042755636628816984
黛玉,过来,11.800683017696368,28,2.372744014732965,362,2.0979434205314895e-05
黛玉,心里,11.148711580254579,28,2.5115009746588695,342,7.312702064887766e-06
黛玉,连忙,7.171685811859671,28,3.9042424242424243,220,5.973089800548337e-10
黛玉,袭人,15.810307357963366,28,1.7709965635738831,485,0.0024738812323905623
黛玉,薛姨妈,11.311704439615026,27,2.3869081926718816,347,2.653958249454469e-05
黛玉,林黛玉,6.780502949394598,26,3.8345238095238097,208,3.862120512287959e-09
黛玉,答应,11.11611300838249,26,2.3389470744309455,341,5.268361027277457e-05
黛玉,看见,7.954051536789817,25,3.1430523028883686,244,4.044745448572584e-07
黛玉,不好,12.452654455138155,25,2.0076040887559214,382,0.0007535639309511621
黛玉,回来,15.810307357963366,24,1.5179970544919,485,0.027878274128117164
黛玉,说话,10.268550139708164,24,2.337233560090703,315,0.00010306791453007502
黛玉,雪雁,1.8581185967090965,24,12.916290726817042,57,0.0
黛玉,潇湘,2.1841043154299906,24,10.988486140724946,67,0.0
黛玉,不敢,14.278174479975164,23,1.6108501848227874,438,0.01686069473289109
黛玉,不觉,4.628997205836697,22,4.752649228705566,142,1.0898244529045087e-09
黛玉,一声,7.302080099348029,22,3.0128401360544217,224,4.072324893411583e-06
黛玉,迎春,3.32505433095312,22,6.616433239962651,102,0.0
黛玉,丫头,13.561005898789196,22,1.6222985347985348,416,0.01782719165070723
黛玉,不能,11.474697298975473,21,1.8301136363636366,352,0.005737007196178867
黛玉,房中,4.368208630859981,21,4.807462686567164,134,2.1316034493068514e-09
黛玉,身上,6.780502949394598,21,3.0971153846153845,208,4.36718476115594e-06
黛玉,丫鬟,5.998137224464452,20,3.3343685300207038,184,2.3773300561469313e-06
黛玉,身子,2.5752871778950635,20,7.766124171187463,79,0.0
黛玉,光景,2.4774914622787954,19,7.669047619047619,76,0.0
黛玉,方才,6.845700093138777,19,2.7754648526077097,210,5.7677110175125e-05
黛玉,夫人,3.488047190313567,19,5.4471740097908325,107,1.4371581702476988e-09
黛玉,姐姐,11.213908723998758,19,1.694324473975637,344,0.01778079040299585
黛玉,只管,10.040360136603539,19,1.8923623995052568,308,0.005932385951442964
黛玉,看时,3.9118286246507297,18,4.601428571428571,120,6.146383424443513e-08
黛玉,屋里,8.606022974231605,18,2.0915584415584414,264,0.002585733384856459
黛玉,不免,2.7056814653834214,17,6.283075157773953,83,1.0538423467210123e-09
黛玉,这话,9.127600124185035,17,1.862482993197279,280,0.0104197902287132
黛玉,一处,4.857187208941323,17,3.499968040907638,149,7.086188160476681e-06
黛玉,不见,4.98758149642968,17,3.4084656084656086,153,1.0123855475274723e-05
黛玉,一句,6.943495808755045,17,2.4483344511513527,213,0.0006145437517243169
黛玉,听说,9.160198696057126,17,1.8558549398407047,281,0.010769607394674585
黛玉,回去,6.780502949394598,17,2.507188644688645,208,0.000468363932052962
黛玉,想起,4.368208630859981,17,3.8917555081734188,134,1.6345865235800616e-06
黛玉,正在,3.6510400496740143,16,4.382312925170068,112,6.609863482109901e-07
黛玉,有人,6.454517230673704,15,2.3239538239538238,198,0.002117646241827642
黛玉,言语,4.400807202732071,15,3.4084656084656086,135,3.3494863168392897e-05
黛玉,坐在,3.488047190313567,15,4.300400534045394,107,1.8872070182140988e-06
黛玉,贾母王,1.499534306116113,15,10.00310559006211,46,0.0
黛玉,十分,3.553244334057746,14,3.9400611620795107,109,1.1733633393795628e-05
黛玉,却是,3.488047190313567,14,4.013707165109034,107,9.44433594141092e-06
黛玉,看着,5.020180068301769,14,2.788744588744589,154,0.00050998230036714
黛玉,越发,5.9329400807202735,13,2.1911564625850337,182,0.006676148403665705
黛玉,不肯,5.5417572182552,13,2.345826330532213,170,0.0037776258019733833
黛玉,林姑娘,3.553244334057746,13,3.6586282219309743,109,5.312438543847442e-05
黛玉,下来,3.7814343371623718,13,3.437848932676519,116,0.00010172750730086388
黛玉,旁边,2.2819000310462587,13,5.697006802721089,70,3.4145081051484283e-07
黛玉,好些,5.346165787022664,13,2.431649245063879,164,0.002770931035514179
黛玉,宝琴,2.4122943185346166,13,5.389060489060489,74,6.687040506880848e-07
黛玉,一日,5.313567215150575,12,2.258369851007888,163,0.00712069381615088
黛玉,走来,4.368208630859981,12,2.7471215351812366,134,0.0014342379723777388
黛玉,起身,6.421918658801615,12,1.8686004350978969,197,0.02799853553546916
黛玉,进入,1.5973300217323811,12,7.512536443148688,49,3.8019474346562276e-08
黛玉,三个,2.3796957466625273,12,5.0426614481409,73,3.7364749471135994e-06
黛玉,地下,3.2598571872089415,12,3.681142857142857,100,9.654937991965262e-05
黛玉,喜欢,5.1179757839180375,12,2.3446769790718838,157,0.005313133530413405
黛玉,一想,3.0316671841043155,12,3.9582181259600615,93,4.701826897235417e-05
黛玉,史湘云,2.1841043154299906,12,5.494243070362473,67,1.4544662252369278e-06
黛玉,怡红院,2.4122943185346166,12,4.974517374517374,74,4.3302095553698905e-06
黛玉,便是,4.726792921452965,11,2.327159277504105,145,0.007872343790370162
黛玉,一件,5.639552933871468,11,1.9505092210294523,173,0.02630582057044717
黛玉,因笑,2.1841043154299906,11,5.0363894811656005,67,9.613733949365155e-06
黛玉,渐渐,1.8907171685811859,11,5.817898193760263,58,2.217529356918213e-06
黛玉,想着,4.7593914933250545,11,2.3112198303979126,146,0.008272915313153106
黛玉,母亲,4.7593914933250545,11,2.3112198303979126,146,0.008272915313153106
黛玉,床上,2.1515057435579013,11,5.112698412698413,66,8.274165750887796e-06
黛玉,觉得,2.2493014591741693,11,4.8904071773636995,69,1.28682256803625e-05
黛玉,里间,2.21670288730208,11,4.962324929971989,68,1.1138095927565317e-05
黛玉,宝姐姐,2.1841043154299906,11,5.0363894811656005,67,9.613733949365155e-06
黛玉,忽然,2.868674324743868,11,3.8345238095238097,88,0.00012963513176000863
黛玉,下回分解,2.542688606022974,11,4.326129426129427,78,4.218350207685351e-05
黛玉,宝二爷,2.673082893511332,11,4.115098722415795,82,6.756354765802275e-05
黛玉,一看,3.292455759081031,10,3.0372465818010372,101,0.0016614365958489419
黛玉,上面,2.2493014591741693,10,4.445824706694272,69,7.409263662216947e-05
黛玉,近日,1.8255200248370071,10,5.477891156462585,56,1.1319705551571246e-05
黛玉,早已,3.292455759081031,10,3.0372465818010372,101,0.0016614365958489419
黛玉,次日,3.553244334057746,10,2.814329401485365,109,0.0029303588383573498
黛玉,闲话,2.118907171685812,10,4.7194139194139195,65,4.3808604565320763e-05
黛玉,伤心,2.6404843216392426,10,3.7871840094062312,81,0.0002891377968875508
黛玉,黛玉笑,2.901272896615958,10,3.446762974852862,89,0.0006212485130978607
黛玉,香菱,5.1179757839180375,10,1.9538974825599031,157,0.03287751053053534
黛玉,素日,4.824588637069233,10,2.072715572715573,148,0.02305934565001344
黛玉,园中,2.8034771809996895,10,3.5669988925802882,86,0.00047172457644417687
黛玉,点点头,1.010555728034772,10,9.895545314900152,31,2.9234271226030728e-08
黛玉,忽见,3.520645762185657,9,2.556349206349206,108,0.008689253654139972
黛玉,每日,1.9559143123253648,9,4.601428571428571,60,0.00012905328238010938
黛玉,眼泪,1.6951257373486495,9,5.309340659340659,52,4.043553125987476e-05
黛玉,热闹,2.0863085998137225,9,4.313839285714286,64,0.00021431809044125671
黛玉,可巧,2.7382800372555107,9,3.286734693877551,84,0.0016162867761426725
黛玉,因问,3.2598571872089415,9,2.7608571428571427,100,0.005299292141790812
黛玉,外面,3.6510400496740143,9,2.465051020408163,112,0.010903272705191314
黛玉,惜春,2.3796957466625273,9,3.781996086105675,73,0.0005836495063640257
黛玉,半日,4.498602918348339,9,2.0006211180124227,138,0.036692883730124026
黛玉,点头,4.172617199627445,9,2.156919642857143,128,0.024131118085362058
黛玉,不理,2.444892890406706,9,3.681142857142857,75,0.0007130653374054496
黛玉,一会,4.205215771499534,9,2.1401993355481728,129,0.02522507424009668
黛玉,泪来,1.499534306116113,9,6.001863354037267,46,1.4396939887584281e-05
黛玉,门口,1.7603228810928284,9,5.112698412698412,54,5.517453113512705e-05
黛玉,馆来,0.6845700093138777,9,13.146938775510204,21,7.883154018450966e-09
黛玉,那黛玉,0.42378143433716237,9,21.237362637362637,13,2.4333548309346877e-11
黛玉,说起,2.1841043154299906,8,3.6628287135749824,67,0.001444508357360652
黛玉,想来,3.1294628997205836,8,2.5563492063492066,96,0.013015935799962408
黛玉,却说,2.118907171685812,8,3.7755311355311356,65,0.0011828437512045875
黛玉,不禁,1.6299285936044707,8,4.908190476190476,50,0.00019252570047179063
黛玉,抬头,1.4017385904998447,8,5.707198228128461,43,6.347474198420411e-05
黛玉,便知,1.7277243092207388,8,4.6303683737646,53,0.0002918529473998621
黛玉,看看,1.9233157404532755,8,4.159483454398709,59,0.000615861551838015
黛玉,三人,1.336541446755666,8,5.985598141695703,41,4.4280629850734776e-05
黛玉,伤感,1.0431542999068613,8,7.6690476190476184,32,6.304970568637991e-06
黛玉,无人,3.227258615336852,8,2.4788840788840787,99,0.01545844526444462
黛玉,余者,1.010555728034772,8,7.916436251920122,31,4.866145722814963e-06
黛玉,认得,2.4774914622787954,8,3.2290726817042605,76,0.0032402072219192
黛玉,不在话下,2.021111456069544,8,3.958218125960061,62,0.0008625368349388651
黛玉,不住,1.8907171685811859,8,4.2311986863711,58,0.0005476627828808756
黛玉,细细,1.2387457311393977,8,6.458145363408521,38,2.4691080413807853e-05
黛玉,不解,1.2061471592673083,8,6.632689832689833,37,2.0058090095864678e-05
黛玉,生气,3.618441477801925,8,2.210896610896611,111,0.028584496157747386
黛玉,意思,3.6836386215461037,8,2.1717656974294144,113,0.03134855838645256
黛玉,心事,1.2061471592673083,8,6.632689832689833,37,2.0058090095864678e-05
黛玉,衣服,3.4228500465693883,8,2.337233560090703,105,0.021311743774857894
黛玉,放下,2.0863085998137225,8,3.8345238095238092,64,0.0010670133107224533
黛玉,手里,2.901272896615958,8,2.7574103798822898,89,0.0084281983573391
黛玉,回到,1.8255200248370071,8,4.382312925170068,56,0.0004295518357554373
黛玉,想到,2.2493014591741693,8,3.556659765355418,69,0.001750137953091646
黛玉,尚未,1.7929214529649178,7,3.9042424242424243,55,0.0019556717813798974
黛玉,一半,1.5321328779882024,7,4.568794326241135,47,0.0007577071452012918
黛玉,伸手,1.499534306116113,7,4.668115942028986,46,0.0006631490490064396
黛玉,指着,1.4017385904998447,7,4.993798449612403,43,0.00043422786566682525
黛玉,令人,1.336541446755666,7,5.23739837398374,41,0.0003204207117712965
黛玉,窗外,1.10835144365104,7,6.315686274509805,34,9.333606045869303e-05
黛玉,当下,1.6951257373486495,7,4.12948717948718,52,0.0014017513410781168
黛玉,回房,1.2061471592673083,7,5.803603603603603,37,0.0001641740601777686
黛玉,今见,1.2387457311393977,7,5.650877192982456,38,0.00019567022939670498
黛玉,勉强,1.4017385904998447,7,4.993798449612403,43,0.00043422786566682525
黛玉,里面,3.292455759081031,7,2.126072607260726,101,0.04684794403380055
黛玉,无奈,1.8581185967090965,7,3.767251461988304,57,0.002410006749982818
黛玉,身体,0.717168581185967,7,9.760606060606062,22,4.1514355818561555e-06
黛玉,轻轻,1.5321328779882024,7,4.568794326241135,47,0.0007577071452012918
黛玉,舅母,0.6193728655696988,7,11.301754385964912,19,1.3352935295252166e-06
黛玉,晚饭,1.5321328779882024,7,4.568794326241135,47,0.0007577071452012918
黛玉,伺候,2.4122943185346166,7,2.9018018018018017,74,0.010246163179727374
黛玉,吃饭,3.1946600434647623,7,2.191156462585034,98,0.040871857273635404
黛玉,饭后,0.8801614405464142,7,7.953086419753086,27,1.876799762967618e-05
黛玉,一阵,1.66252716547656,7,4.210457516339869,51,0.0012473732467794818
黛玉,便命,2.9338714684880474,7,2.385925925925926,90,0.027437099062949
黛玉,来看,1.434337162371934,7,4.880303030303031,44,0.0005021144089224494
黛玉,自去,1.5647314498602918,7,4.473611111111111,48,0.0008626156726548873
黛玉,睡觉,1.336541446755666,7,5.23739837398374,41,0.0003204207117712965
黛玉,一天,2.9664700403601367,7,2.3597069597069598,91,0.028924292016192066
黛玉,送到,1.434337162371934,7,4.880303030303031,44,0.0005021144089224494
黛玉,前日,2.9338714684880474,7,2.385925925925926,90,0.027437099062949
黛玉,提起,2.6404843216392426,7,2.651028806584362,81,0.01633277587463955
黛玉,姨妈,2.053710027941633,7,3.408465608465608,63,0.0042692658267534656
黛玉,高兴,2.5100900341508847,7,2.788744588744589,77,0.012607067556656415
黛玉,手帕,0.9127600124185036,7,7.669047619047619,28,2.432754844361451e-05
黛玉,眼睛,2.1841043154299906,7,3.2049751243781097,67,0.0060069195084184734
黛玉,老婆子,3.0316671841043155,7,2.3089605734767025,93,0.03206011359196548
黛玉,走进,1.0757528717789506,7,6.5070707070707074,33,7.623582374027826e-05
黛玉,侍书,0.5215771499534306,7,13.420833333333333,16,3.300471528300264e-07
黛玉,之事,1.2061471592673083,6,4.974517374517374,37,0.0011415439997327637
黛玉,一见,2.5752871778950635,6,2.329837251356239,79,0.043842266870810165
黛玉,一首,1.173548587395219,6,5.112698412698412,36,0.0009830515810681506
黛玉,一把,1.8581185967090965,6,3.2290726817042605,57,0.010329775728642354
黛玉,竟是,2.6404843216392426,6,2.2723104056437387,81,0.04853922060471372
黛玉,不同,1.271344303011487,6,4.7194139194139195,39,0.0015165364302253126
黛玉,手中,0.717168581185967,6,8.366233766233767,22,5.540720533359078e-05
黛玉,父母,2.542688606022974,6,2.3597069597069598,78,0.04160492421491624
黛玉,不想,2.3144986029183485,6,2.592354124748491,71,0.027965782762537694
黛玉,几句,2.21670288730208,6,2.7067226890756304,68,0.02316235416318113
黛玉,晚间,1.499534306116113,6,4.0012422360248445,46,0.003595364254754596
黛玉,端的,0.9453585842905929,6,6.34679802955665,29,0.00029068600581816373
黛玉,一人,1.9559143123253648,6,3.0676190476190475,60,0.013140814858816019
黛玉,两日,2.347097174790438,6,2.556349206349206,72,0.029702426236973056
黛玉,奇怪,0.8475628686743247,6,7.079120879120879,26,0.00015305512166274848
黛玉,疑惑,1.2387457311393977,6,4.843609022556391,38,0.0013188953437504036
黛玉,一路,0.9453585842905929,6,6.34679802955665,29,0.00029068600581816373
黛玉,纱窗,0.42378143433716237,6,14.158241758241758,13,1.6361466830261406e-06
黛玉,因说,1.10835144365104,6,5.413445378151261,34,0.0007171258668735581
黛玉,歇歇,1.5321328779882024,6,3.916109422492401,47,0.0040106311259925365
黛玉,送来,1.8907171685811859,6,3.173399014778325,58,0.011214101088161677
黛玉,椅子,0.8801614405464142,6,6.816931216931216,27,0.00019142284670792264
黛玉,咳嗽,0.9779571561626824,6,6.135238095238095,30,0.0003534740924884261
黛玉,见过,1.336541446755666,6,4.489198606271777,41,0.0019785952133256623
黛玉,照管,0.7497671530580565,6,8.002484472049689,23,7.291519539620595e-05
黛玉,拿来,1.7929214529649178,6,3.3464935064935064,55,0.008711570069380392
黛玉,海棠,0.9127600124185036,6,6.573469387755102,28,0.00023699429537915595
黛玉,站住,1.10835144365104,6,5.413445378151261,34,0.0007171258668735581
黛玉,索性,1.4017385904998447,6,4.2803986710963455,43,0.00253985776169674
黛玉,脸上,2.2493014591741693,6,2.6674948240165635,69,0.024696729298888775
黛玉,心酸,0.4563800062092518,6,13.146938775510204,14,2.78463300640297e-06
黛玉,酒席,0.4889785780813412,6,12.27047619047619,15,4.513780316295346e-06
黛玉,暗暗,0.9453585842905929,6,6.34679802955665,29,0.00029068600581816373
黛玉,刚才,2.021111456069544,6,2.968663594470046,62,0.015288074041676536
黛玉,诸事,1.010555728034772,6,5.937327188940092,31,0.0004263931065516813
黛玉,答言,1.4017385904998447,6,4.2803986710963455,43,0.00253985776169674
黛玉,更觉,0.6519714374417883,6,9.202857142857143,20,3.0423614353680684e-05
黛玉,赶忙,1.2387457311393977,6,4.843609022556391,38,0.0013188953437504036
黛玉,邢岫烟,0.4889785780813412,6,12.27047619047619,15,4.513780316295346e-06
黛玉,之后,1.6951257373486495,5,2.9496336996337,52,0.02663419937430267
黛玉,之意,1.5321328779882024,5,3.2634245187436677,47,0.01792150018399319
黛玉,更加,1.336541446755666,5,3.740998838559814,41,0.010255483117028397
黛玉,乃是,1.010555728034772,5,4.947772657450076,31,0.0030323447261751957
黛玉,未免,1.8907171685811859,5,2.644499178981938,58,0.04015805612619383
黛玉,惟有,1.499534306116113,5,3.3343685300207038,46,0.016441620516660538
黛玉,针线,0.9779571561626824,5,5.112698412698412,30,0.0026120299226318755
黛玉,顺路,0.4563800062092518,5,10.95578231292517,14,5.6407969050153994e-05
黛玉,自幼,0.6845700093138777,5,7.303854875283447,21,0.0004747052139965069
黛玉,来往,1.3039428748835766,5,3.8345238095238092,40,0.009246106547770694
黛玉,两句,1.5321328779882024,5,3.2634245187436677,47,0.01792150018399319
黛玉,奶娘,0.5867742936976095,5,8.52116402116402,18,0.00021669333072105168
黛玉,三间,0.42378143433716237,5,11.7985347985348,13,3.725680926636166e-05
黛玉,头上,1.3691400186277554,5,3.6519274376417235,42,0.011337839087011026
黛玉,大红,1.1409500155231294,5,4.382312925170068,35,0.005208328036971466
黛玉,院中,0.8475628686743247,5,5.8992673992674,26,0.0013418080263034593
黛玉,房屋,0.7823657249301459,5,6.390873015873016,24,0.0009147682759134135
黛玉,正房,0.3585842905929835,5,13.943722943722944,11,1.4118719184774697e-05
黛玉,下面,0.8801614405464142,5,5.680776014109347,27,0.0016032591799400864
黛玉,东边,0.7823657249301459,5,6.390873015873016,24,0.0009147682759134135
黛玉,桌上,1.1409500155231294,5,4.382312925170068,35,0.005208328036971466
黛玉,西边,0.4889785780813412,5,10.225396825396825,15,8.235511486287539e-05
黛玉,屋子,1.8255200248370071,5,2.7389455782312924,56,0.03526524620556837
黛玉,院门,1.10835144365104,5,4.511204481792717,34,0.004584570835343582
黛玉,外间,1.5321328779882024,5,3.2634245187436677,47,0.01792150018399319
黛玉,睁眼,0.5215771499534306,5,9.586309523809524,16,0.00011659650990292203
黛玉,微微,0.9453585842905929,5,5.288998357963876,29,0.0022356039584450205
黛玉,每人,1.173548587395219,5,4.26058201058201,36,0.005889824221922635
黛玉,处来,1.010555728034772,5,4.947772657450076,31,0.0030323447261751957
黛玉,一应,1.1409500155231294,5,4.382312925170068,35,0.005208328036971466
黛玉,上房,1.2061471592673083,5,4.145431145431146,37,0.006631743001984658
黛玉,微笑,0.5215771499534306,5,9.586309523809524,16,0.00011659650990292203
黛玉,含笑,0.8149642968022354,5,6.135238095238095,25,0.0011132016961876712
黛玉,两口,0.8149642968022354,5,6.135238095238095,25,0.0011132016961876712
黛玉,恰好,0.9453585842905929,5,5.288998357963876,29,0.0022356039584450205
黛玉,天气,1.0757528717789506,5,4.6479076479076475,33,0.004015828927150578
黛玉,梳洗,1.5973300217323811,5,3.1302235179786204,49,0.021139089683234857
黛玉,屋内,1.010555728034772,5,4.947772657450076,31,0.0030323447261751957
黛玉,会意,1.1409500155231294,5,4.382312925170068,35,0.005208328036971466
黛玉,不大,1.3039428748835766,5,3.8345238095238092,40,0.009246106547770694
黛玉,宝钗因,0.55417572182552,5,9.022408963585434,17,0.0001607792842162059
黛玉,一早,1.7277243092207388,5,2.8939802336028753,53,0.028649897414180447
黛玉,四人,1.10835144365104,5,4.511204481792717,34,0.004584570835343582
黛玉,不好意思,1.271344303011487,5,3.932844932844933,39,0.008307335169658758
黛玉,带领,1.1409500155231294,5,4.382312925170068,35,0.005208328036971466
黛玉,扎挣,0.717168581185967,5,6.971861471861472,22,0.0005980281736265303
黛玉,要知,0.8149642968022354,5,6.135238095238095,25,0.0011132016961876712
黛玉,各色,1.1409500155231294,5,4.382312925170068,35,0.005208328036971466
黛玉,无可,0.7823657249301459,5,6.390873015873016,24,0.0009147682759134135
黛玉,翠缕,1.3039428748835766,5,3.8345238095238092,40,0.009246106547770694
黛玉,多病,0.29338714684880474,5,17.04232804232804,9,4.065274708348039e-06
黛玉,说不出,0.5215771499534306,5,9.586309523809524,16,0.00011659650990292203
黛玉,桌子,0.8801614405464142,5,5.680776014109347,27,0.0016032591799400864
黛玉,走上,0.7823657249301459,5,6.390873015873016,24,0.0009147682759134135
黛玉,一枝,0.8801614405464142,5,5.680776014109347,27,0.0016032591799400864
黛玉,这般光景,0.5215771499534306,5,9.586309523809524,16,0.00011659650990292203
黛玉,红了脸,1.5321328779882024,5,3.2634245187436677,47,0.01792150018399319
黛玉,紫鹃道,1.3039428748835766,5,3.8345238095238092,40,0.009246106547770694
黛玉,问候,0.4889785780813412,5,10.225396825396825,15,8.235511486287539e-05
黛玉,和黛玉,0.16299285936044708,5,30.676190476190474,5,3.597100068607474e-08
黛玉,李纹,0.5215771499534306,5,9.586309523809524,16,0.00011659650990292203
黛玉,未知,1.010555728034772,5,4.947772657450076,31,0.0030323447261751957
黛玉,一并,1.0757528717789506,4,3.7183261183261185,33,0.02158530548620763
黛玉,知是,0.9453585842905929,4,4.2311986863711,29,0.013867709405779083
黛玉,反倒,1.271344303011487,4,3.1462759462759466,39,0.03729415808510028
黛玉,金陵,0.8475628686743247,4,4.7194139194139195,26,0.009422911824582103
黛玉,清楚,0.8801614405464142,4,4.544620811287477,27,0.010782851392602932
黛玉,已有,1.1409500155231294,4,3.5058503401360546,35,0.026257714275486843
黛玉,取出,0.6845700093138777,4,5.843083900226757,21,0.004287933751582429
黛玉,四字,1.010555728034772,4,3.958218125960061,31,0.017461131338010416
黛玉,两边,1.173548587395219,4,3.408465608465608,36,0.02880370051511838
黛玉,大哭,1.1409500155231294,4,3.5058503401360546,35,0.026257714275486843
黛玉,已毕,0.42378143433716237,4,9.438827838827839,13,0.000629792831072784
黛玉,等语,0.9127600124185036,4,4.382312925170068,28,0.012263281080037824
黛玉,偶然,1.173548587395219,4,3.408465608465608,36,0.02880370051511838
黛玉,人物,1.010555728034772,4,3.958218125960061,31,0.017461131338010416
黛玉,几次,1.1409500155231294,4,3.5058503401360546,35,0.026257714275486843
黛玉,有所,0.55417572182552,4,7.2179271708683475,17,0.0018902160037028715
黛玉,外祖母,0.2281900031046259,4,17.529251700680273,7,3.6038940484728097e-05
黛玉,一只,0.55417572182552,4,7.2179271708683475,17,0.0018902160037028715
黛玉,黛玉自,0.13039428748835766,4,30.676190476190474,4,1.1137175212240884e-06
黛玉,一步,1.0431542999068613,4,3.8345238095238092,32,0.01945567197875464
黛玉,大门,0.7823657249301459,4,5.112698412698413,24,0.007049030900810993
黛玉,出入,0.5867742936976095,4,6.816931216931216,18,0.0023683653749021483
黛玉,吃药,0.7823657249301459,4,5.112698412698413,24,0.007049030900810993
黛玉,房门,1.0757528717789506,4,3.7183261183261185,33,0.02158530548620763
黛玉,外罩,0.19559143123253647,4,20.450793650793653,6,1.5854049737304862e-05
黛玉,王熙凤,0.4563800062092518,4,8.764625850340137,14,0.0008591467315902657
黛玉,打谅,1.1409500155231294,4,3.5058503401360546,35,0.026257714275486843
黛玉,老嬷嬷,1.3691400186277554,4,2.9215419501133786,42,0.04707407259515728
黛玉,果见,0.8149642968022354,4,4.908190476190476,25,0.008179665084135812
黛玉,游廊,0.3585842905929835,4,11.154978354978356,11,0.0003061681685897488
黛玉,小巧,0.3585842905929835,4,11.154978354978356,11,0.0003061681685897488
黛玉,相见,0.7823657249301459,4,5.112698412698413,24,0.007049030900810993
黛玉,告辞,1.2387457311393977,4,3.2290726817042605,38,0.03432115059225582
黛玉,舅舅,1.0757528717789506,4,3.7183261183261185,33,0.02158530548620763
黛玉,眼看,0.7497671530580565,4,5.334989648033126,23,0.006026653818961614
黛玉,一行,0.9127600124185036,4,4.382312925170068,28,0.012263281080037824
黛玉,靠背,0.2607885749767153,4,15.338095238095237,8,7.022134836736454e-05
黛玉,何等,0.8801614405464142,4,4.544620811287477,27,0.010782851392602932
黛玉,打量,0.9453585842905929,4,4.2311986863711,29,0.013867709405779083
黛玉,病来,0.4889785780813412,4,8.18031746031746,15,0.0011416164571605991
黛玉,满面,0.8801614405464142,4,4.544620811287477,27,0.010782851392602932
黛玉,泪痕,0.6519714374417883,4,6.135238095238095,20,0.0035616045146981135
黛玉,鹦哥,0.39118286246507294,4,10.225396825396826,12,0.00044747403130473984
黛玉,珍珠,0.717168581185967,4,5.577489177489178,22,0.005107912783888557
黛玉,性情,0.7497671530580565,4,5.334989648033126,23,0.006026653818961614
黛玉,着实,0.9779571561626824,4,4.09015873015873,30,0.015599352394353505
黛玉,贾兰,1.3691400186277554,4,2.9215419501133786,42,0.04707407259515728
黛玉,深知,0.7497671530580565,4,5.334989648033126,23,0.006026653818961614
黛玉,带来,1.336541446755666,4,2.9927990708478514,41,0.04367062178175041
黛玉,素习,0.42378143433716237,4,9.438827838827839,13,0.000629792831072784
黛玉,急忙,1.271344303011487,4,3.1462759462759466,39,0.03729415808510028
黛玉,看书,0.4889785780813412,4,8.18031746031746,15,0.0011416164571605991
黛玉,向宝玉,0.9779571561626824,4,4.09015873015873,30,0.015599352394353505
黛玉,一缕,0.2607885749767153,4,15.338095238095237,8,7.022134836736454e-05
黛玉,恍惚,0.9127600124185036,4,4.382312925170068,28,0.012263281080037824
黛玉,何意,0.4889785780813412,4,8.18031746031746,15,0.0011416164571605991
黛玉,从前,1.336541446755666,4,2.9927990708478514,41,0.04367062178175041
黛玉,家常,0.6845700093138777,4,5.843083900226757,21,0.004287933751582429
黛玉,精神,1.10835144365104,4,3.6089635854341737,34,0.023852070107237555
黛玉,早饭,0.7497671530580565,4,5.334989648033126,23,0.006026653818961614
黛玉,浑身,0.55417572182552,4,7.2179271708683475,17,0.0018902160037028715
黛玉,真真,1.271344303011487,4,3.1462759462759466,39,0.03729415808510028
黛玉,新鲜,1.010555728034772,4,3.958218125960061,31,0.017461131338010416
黛玉,接过,0.9127600124185036,4,4.382312925170068,28,0.012263281080037824
黛玉,明年,1.0431542999068613,4,3.8345238095238092,32,0.01945567197875464
黛玉,相伴,0.3585842905929835,4,11.154978354978356,11,0.0003061681685897488
黛玉,趁势,0.5215771499534306,4,7.6690476190476184,16,0.0014832897516037225
黛玉,一色,0.5867742936976095,4,6.816931216931216,18,0.0023683653749021483
黛玉,大好,0.4563800062092518,4,8.764625850340137,14,0.0008591467315902657
黛玉,黛玉因,0.42378143433716237,4,9.438827838827839,13,0.000629792831072784
黛玉,回至,1.1409500155231294,4,3.5058503401360546,35,0.026257714275486843
黛玉,安慰,1.2061471592673083,4,3.3163449163449163,37,0.03149121051260784
黛玉,刚到,0.5867742936976095,4,6.816931216931216,18,0.0023683653749021483
黛玉,理论,0.8475628686743247,4,4.7194139194139195,26,0.009422911824582103
黛玉,方回,0.3585842905929835,4,11.154978354978356,11,0.0003061681685897488
黛玉,正自,0.6519714374417883,4,6.135238095238095,20,0.0035616045146981135
黛玉,邢王二,1.173548587395219,4,3.408465608465608,36,0.02880370051511838
黛玉,往前,1.2061471592673083,4,3.3163449163449163,37,0.03149121051260784
黛玉,口中,0.5215771499534306,4,7.6690476190476184,16,0.0014832897516037225
黛玉,行礼,0.8149642968022354,4,4.908190476190476,25,0.008179665084135812
黛玉,说闲话,0.7823657249301459,4,5.112698412698413,24,0.007049030900810993
黛玉,同着,0.9453585842905929,4,4.2311986863711,29,0.013867709405779083
黛玉,园内,1.173548587395219,4,3.408465608465608,36,0.02880370051511838
黛玉,帘子,1.0431542999068613,4,3.8345238095238092,32,0.01945567197875464
黛玉,明知,0.9453585842905929,4,4.2311986863711,29,0.013867709405779083
黛玉,人道,0.8475628686743247,4,4.7194139194139195,26,0.009422911824582103
黛玉,不提,0.8149642968022354,4,4.908190476190476,25,0.008179665084135812
黛玉,着眼,0.6519714374417883,4,6.135238095238095,20,0.0035616045146981135
黛玉,帕子,0.4889785780813412,4,8.18031746031746,15,0.0011416164571605991
黛玉,流泪,0.42378143433716237,4,9.438827838827839,13,0.000629792831072784
黛玉,呆呆,0.9127600124185036,4,4.382312925170068,28,0.012263281080037824
黛玉,抽身,0.4563800062092518,4,8.764625850340137,14,0.0008591467315902657
黛玉,厨房,1.10835144365104,4,3.6089635854341737,34,0.023852070107237555
黛玉,这番,0.32598571872089416,4,12.27047619047619,10,0.00019996841454406056
黛玉,沁芳桥,0.16299285936044708,4,24.54095238095238,5,5.424703603615272e-06
黛玉,造次,0.4563800062092518,4,8.764625850340137,14,0.0008591467315902657
黛玉,心病,0.2607885749767153,4,15.338095238095237,8,7.022134836736454e-05
黛玉,林丫头,0.39118286246507294,4,10.225396825396826,12,0.00044747403130473984
黛玉,李绮,0.16299285936044708,4,24.54095238095238,5,5.424703603615272e-06
黛玉,绢子,0.39118286246507294,4,10.225396825396826,12,0.00044747403130473984
黛玉,馆内,0.13039428748835766,4,30.676190476190474,4,1.1137175212240884e-06
黛玉,叫雪雁,0.13039428748835766,4,30.676190476190474,4,1.1137175212240884e-06
黛玉,摇摇头,0.19559143123253647,4,20.450793650793653,6,1.5854049737304862e-05
黛玉,闺阁,0.6193728655696988,3,4.843609022556391,19,0.022607106931634924
黛玉,得意,0.7823657249301459,3,3.8345238095238097,24,0.04191702866473468
黛玉,几件,0.8149642968022354,3,3.681142857142857,25,0.046517578289114736
黛玉,解闷,0.5867742936976095,3,5.112698412698412,18,0.01949918356806335
黛玉,意欲,0.7497671530580565,3,4.0012422360248445,23,0.03755852896577805
黛玉,只不过,0.42378143433716237,3,7.079120879120879,13,0.007708964199585888
黛玉,之心,0.7823657249301459,3,3.8345238095238097,24,0.04191702866473468
黛玉,半晌,0.8149642968022354,3,3.681142857142857,25,0.046517578289114736
黛玉,两次,0.5215771499534306,3,5.751785714285714,16,0.014040429943839583
黛玉,一席,0.16299285936044708,3,18.405714285714286,5,0.0003275339334800089
黛玉,来时,0.5215771499534306,3,5.751785714285714,16,0.014040429943839583
黛玉,长叹,0.42378143433716237,3,7.079120879120879,13,0.007708964199585888
黛玉,那天,0.55417572182552,3,5.413445378151261,17,0.016644047175220722
黛玉,几乎,0.717168581185967,3,4.183116883116884,22,0.03344567568094958
黛玉,三月,0.32598571872089416,3,9.202857142857143,10,0.0034786643914523907
黛玉,一片,0.8149642968022354,3,3.681142857142857,25,0.046517578289114736
黛玉,性命,0.717168581185967,3,4.183116883116884,22,0.03344567568094958
黛玉,露出,0.7497671530580565,3,4.0012422360248445,23,0.03755852896577805
黛玉,那知,0.6193728655696988,3,4.843609022556391,19,0.022607106931634924
黛玉,身边,0.6845700093138777,3,4.382312925170068,21,0.02958143527417445
黛玉,个个,0.5867742936976095,3,5.112698412698412,18,0.01949918356806335
黛玉,面上,0.6845700093138777,3,4.382312925170068,21,0.02958143527417445
黛玉,走入,0.29338714684880474,3,10.225396825396825,9,0.002495055617416475
黛玉,不在意,0.39118286246507294,3,7.669047619047619,12,0.006075309244600313
黛玉,脂粉,0.4563800062092518,3,6.573469387755102,14,0.009577096196549117
黛玉,异常,0.717168581185967,3,4.183116883116884,22,0.03344567568094958
黛玉,回答,0.55417572182552,3,5.413445378151261,17,0.016644047175220722
黛玉,每每,0.7823657249301459,3,3.8345238095238097,24,0.04191702866473468
黛玉,林如海,0.19559143123253647,3,15.338095238095239,6,0.0006392138172194696
黛玉,大有,0.6519714374417883,3,4.601428571428571,20,0.025968077922054245
黛玉,致意,0.13039428748835766,3,23.007142857142856,4,0.00013426839555570434
黛玉,留心,0.6193728655696988,3,4.843609022556391,19,0.022607106931634924
黛玉,匾上,0.2607885749767153,3,11.503571428571428,8,0.0017044191133283038
黛玉,鬓发,0.09779571561626824,3,30.676190476190477,3,3.440238702872183e-05
黛玉,拜见,0.29338714684880474,3,10.225396825396825,9,0.002495055617416475
黛玉,侍立,0.5867742936976095,3,5.112698412698412,18,0.01949918356806335
黛玉,黛玉忙,0.717168581185967,3,4.183116883116884,22,0.03344567568094958
黛玉,服药,0.42378143433716237,3,7.079120879120879,13,0.007708964199585888
黛玉,宽慰,0.39118286246507294,3,7.669047619047619,12,0.006075309244600313
黛玉,不胜,0.5215771499534306,3,5.751785714285714,16,0.014040429943839583
黛玉,之外,0.8149642968022354,3,3.681142857142857,25,0.046517578289114736
黛玉,赤金,0.13039428748835766,3,23.007142857142856,4,0.00013426839555570434
黛玉,璎珞,0.13039428748835766,3,23.007142857142856,4,0.00013426839555570434
黛玉,系着,0.2281900031046259,3,13.146938775510204,7,0.0010915949462922958
黛玉,石青,0.32598571872089416,3,9.202857142857143,10,0.0034786643914523907
黛玉,心头,0.2281900031046259,3,13.146938775510204,7,0.0010915949462922958
黛玉,打扫,0.717168581185967,3,4.183116883116884,22,0.03344567568094958
黛玉,贾母命,0.42378143433716237,3,7.079120879120879,13,0.007708964199585888
黛玉,作辞,0.29338714684880474,3,10.225396825396825,9,0.002495055617416475
黛玉,穿堂,0.32598571872089416,3,9.202857142857143,10,0.0034786643914523907
黛玉,往东,0.2281900031046259,3,13.146938775510204,7,0.0010915949462922958
黛玉,连日,0.7497671530580565,3,4.0012422360248445,23,0.03755852896577805
黛玉,穿过,0.2281900031046259,3,13.146938775510204,7,0.0010915949462922958
黛玉,玻璃,0.5867742936976095,3,5.112698412698412,18,0.01949918356806335
黛玉,一对,0.6845700093138777,3,4.382312925170068,21,0.02958143527417445
黛玉,左边,0.55417572182552,3,5.413445378151261,17,0.016644047175220722
黛玉,椅上,0.19559143123253647,3,15.338095238095239,6,0.0006392138172194696
黛玉,厮混,0.19559143123253647,3,15.338095238095239,6,0.0006392138172194696
黛玉,安静,0.7823657249301459,3,3.8345238095238097,24,0.04191702866473468
黛玉,向黛玉,0.3585842905929835,3,8.366233766233767,11,0.004668350412316391
黛玉,李氏,0.42378143433716237,3,7.079120879120879,13,0.007708964199585888
黛玉,贾母正,0.3585842905929835,3,8.366233766233767,11,0.004668350412316391
黛玉,不闻,0.32598571872089416,3,9.202857142857143,10,0.0034786643914523907
黛玉,茶盘,0.39118286246507294,3,7.669047619047619,12,0.006075309244600313
黛玉,等物,0.717168581185967,3,4.183116883116884,22,0.03344567568094958
黛玉,走近,0.39118286246507294,3,7.669047619047619,12,0.006075309244600313
黛玉,想一想,0.4563800062092518,3,6.573469387755102,14,0.009577096196549117
黛玉,房舍,0.5215771499534306,3,5.751785714285714,16,0.014040429943839583
黛玉,陪侍,0.16299285936044708,3,18.405714285714286,5,0.0003275339334800089
黛玉,服侍,0.42378143433716237,3,7.079120879120879,13,0.007708964199585888
黛玉,夜深,0.29338714684880474,3,10.225396825396825,9,0.002495055617416475
黛玉,王子腾,0.5867742936976095,3,5.112698412698412,18,0.01949918356806335
黛玉,冗杂,0.09779571561626824,3,30.676190476190477,3,3.440238702872183e-05
黛玉,针黹,0.29338714684880474,3,10.225396825396825,9,0.002495055617416475
黛玉,无处,0.4889785780813412,3,6.135238095238095,15,0.011685966173598294
黛玉,细说,0.717168581185967,3,4.183116883116884,22,0.03344567568094958
黛玉,一眼,0.5867742936976095,3,5.112698412698412,18,0.01949918356806335
黛玉,小时,0.39118286246507294,3,7.669047619047619,12,0.006075309244600313
黛玉,竟有,0.42378143433716237,3,7.079120879120879,13,0.007708964199585888
黛玉,伙计,0.7497671530580565,3,4.0012422360248445,23,0.03755852896577805
黛玉,看守,0.6193728655696988,3,4.843609022556391,19,0.022607106931634924
黛玉,香院,0.4889785780813412,3,6.135238095238095,15,0.011685966173598294
黛玉,亲密,0.3585842905929835,3,8.366233766233767,11,0.004668350412316391
黛玉,起初,0.19559143123253647,3,15.338095238095239,6,0.0006392138172194696
黛玉,十二个,0.42378143433716237,3,7.079120879120879,13,0.007708964199585888
黛玉,往后,0.7497671530580565,3,4.0012422360248445,23,0.03755852896577805
黛玉,何物,0.39118286246507294,3,7.669047619047619,12,0.006075309244600313
黛玉,从没,0.5215771499534306,3,5.751785714285714,16,0.014040429943839583
黛玉,问是,0.5867742936976095,3,5.112698412698412,18,0.01949918356806335
黛玉,换上,0.39118286246507294,3,7.669047619047619,12,0.006075309244600313
黛玉,两眼,0.5867742936976095,3,5.112698412698412,18,0.01949918356806335
黛玉,一桌,0.39118286246507294,3,7.669047619047619,12,0.006075309244600313
黛玉,薛宝钗,0.8149642968022354,3,3.681142857142857,25,0.046517578289114736
黛玉,宝钗见,0.6519714374417883,3,4.601428571428571,20,0.025968077922054245
黛玉,缘故,0.39118286246507294,3,7.669047619047619,12,0.006075309244600313
黛玉,欠身,0.3585842905929835,3,8.366233766233767,11,0.004668350412316391
黛玉,你作,0.32598571872089416,3,9.202857142857143,10,0.0034786643914523907
黛玉,挨着,0.2607885749767153,3,11.503571428571428,8,0.0017044191133283038
黛玉,灯下,0.2607885749767153,3,11.503571428571428,8,0.0017044191133283038
黛玉,一钟,0.5867742936976095,3,5.112698412698412,18,0.01949918356806335
黛玉,两杯,0.29338714684880474,3,10.225396825396825,9,0.002495055617416475
黛玉,嫌疑,0.29338714684880474,3,10.225396825396825,9,0.002495055617416475
黛玉,顾不得,0.5867742936976095,3,5.112698412698412,18,0.01949918356806335
黛玉,闷闷,0.717168581185967,3,4.183116883116884,22,0.03344567568094958
黛玉,劝解,0.8149642968022354,3,3.681142857142857,25,0.046517578289114736
黛玉,口气,0.6193728655696988,3,4.843609022556391,19,0.022607106931634924
黛玉,轮流,0.42378143433716237,3,7.079120879120879,13,0.007708964199585888
黛玉,病势,0.29338714684880474,3,10.225396825396825,9,0.002495055617416475
黛玉,夜间,0.6193728655696988,3,4.843609022556391,19,0.022607106931634924
黛玉,真正,0.42378143433716237,3,7.079120879120879,13,0.007708964199585888
黛玉,尚有,0.5867742936976095,3,5.112698412698412,18,0.01949918356806335
黛玉,一班,0.5215771499534306,3,5.751785714285714,16,0.014040429943839583
黛玉,略觉,0.2607885749767153,3,11.503571428571428,8,0.0017044191133283038
黛玉,娘儿,0.6845700093138777,3,4.382312925170068,21,0.02958143527417445
黛玉,不知不觉,0.2607885749767153,3,11.503571428571428,8,0.0017044191133283038
黛玉,坐坐,0.8149642968022354,3,3.681142857142857,25,0.046517578289114736
黛玉,行来,0.2607885749767153,3,11.503571428571428,8,0.0017044191133283038
黛玉,翻身,0.5867742936976095,3,5.112698412698412,18,0.01949918356806335
黛玉,日间,0.5215771499534306,3,5.751785714285714,16,0.014040429943839583
黛玉,娶亲,0.7497671530580565,3,4.0012422360248445,23,0.03755852896577805
黛玉,睁开眼,0.4889785780813412,3,6.135238095238095,15,0.011685966173598294
黛玉,冷汗,0.2281900031046259,3,13.146938775510204,7,0.0010915949462922958
黛玉,诸人,0.5867742936976095,3,5.112698412698412,18,0.01949918356806335
黛玉,送与,0.6519714374417883,3,4.601428571428571,20,0.025968077922054245
黛玉,不似,0.32598571872089416,3,9.202857142857143,10,0.0034786643914523907
黛玉,一共,0.4563800062092518,3,6.573469387755102,14,0.009577096196549117
黛玉,之状,0.3585842905929835,3,8.366233766233767,11,0.004668350412316391
黛玉,太监,0.6845700093138777,3,4.382312925170068,21,0.02958143527417445
黛玉,心肠,0.6845700093138777,3,4.382312925170068,21,0.02958143527417445
黛玉,和暖,0.13039428748835766,3,23.007142857142856,4,0.00013426839555570434
黛玉,左右,0.6845700093138777,3,4.382312925170068,21,0.02958143527417445
黛玉,旧诗,0.32598571872089416,3,9.202857142857143,10,0.0034786643914523907
黛玉,心来,0.6519714374417883,3,4.601428571428571,20,0.025968077922054245
黛玉,稻香村,0.4889785780813412,3,6.135238095238095,15,0.011685966173598294
黛玉,剪子,0.13039428748835766,3,23.007142857142856,4,0.00013426839555570434
黛玉,点灯,0.29338714684880474,3,10.225396825396825,9,0.002495055617416475
黛玉,保养,0.42378143433716237,3,7.079120879120879,13,0.007708964199585888
黛玉,窗前,0.2281900031046259,3,13.146938775510204,7,0.0010915949462922958
黛玉,惊疑,0.3585842905929835,3,8.366233766233767,11,0.004668350412316391
黛玉,讲究,0.717168581185967,3,4.183116883116884,22,0.03344567568094958
黛玉,安心,0.6193728655696988,3,4.843609022556391,19,0.022607106931634924
黛玉,揭起,0.3585842905929835,3,8.366233766233767,11,0.004668350412316391
黛玉,烦恼,0.7823657249301459,3,3.8345238095238097,24,0.04191702866473468
黛玉,身后,0.6519714374417883,3,4.601428571428571,20,0.025968077922054245
黛玉,劝慰,0.55417572182552,3,5.413445378151261,17,0.016644047175220722
黛玉,偏是,0.29338714684880474,3,10.225396825396825,9,0.002495055617416475
黛玉,本书,0.19559143123253647,3,15.338095238095239,6,0.0006392138172194696
黛玉,箱子,0.7823657249301459,3,3.8345238095238097,24,0.04191702866473468
黛玉,李宫裁,0.55417572182552,3,5.413445378151261,17,0.016644047175220722
黛玉,西厢记,0.16299285936044708,3,18.405714285714286,5,0.0003275339334800089
黛玉,芜苑,0.5215771499534306,3,5.751785714285714,16,0.014040429943839583
黛玉,两只,0.55417572182552,3,5.413445378151261,17,0.016644047175220722
黛玉,一字,0.4889785780813412,3,6.135238095238095,15,0.011685966173598294
黛玉,子来,0.4889785780813412,3,6.135238095238095,15,0.011685966173598294
黛玉,紫鹃雪雁,0.19559143123253647,3,15.338095238095239,6,0.0006392138172194696
黛玉,神魂,0.32598571872089416,3,9.202857142857143,10,0.0034786643914523907
黛玉,笔来,0.19559143123253647,3,15.338095238095239,6,0.0006392138172194696
黛玉,听到,0.6845700093138777,3,4.382312925170068,21,0.02958143527417445
黛玉,滴下,0.55417572182552,3,5.413445378151261,17,0.016644047175220722
黛玉,翠墨,0.3585842905929835,3,8.366233766233767,11,0.004668350412316391
黛玉,滚下,0.2607885749767153,3,11.503571428571428,8,0.0017044191133283038
黛玉,搭讪,0.42378143433716237,3,7.079120879120879,13,0.007708964199585888
黛玉,梦中,0.16299285936044708,3,18.405714285714286,5,0.0003275339334800089
黛玉,大病,0.4563800062092518,3,6.573469387755102,14,0.009577096196549117
黛玉,人往,0.2281900031046259,3,13.146938775510204,7,0.0010915949462922958
黛玉,模糊,0.3585842905929835,3,8.366233766233767,11,0.004668350412316391
黛玉,递给,0.6193728655696988,3,4.843609022556391,19,0.022607106931634924
黛玉,音乐,0.2281900031046259,3,13.146938775510204,7,0.0010915949462922958
黛玉,手舞足蹈,0.13039428748835766,3,23.007142857142856,4,0.00013426839555570434
黛玉,宝钗姊妹,0.2607885749767153,3,11.503571428571428,8,0.0017044191133283038
黛玉,胸口,0.19559143123253647,3,15.338095238095239,6,0.0006392138172194696
黛玉,分儿,0.55417572182552,3,5.413445378151261,17,0.016644047175220722
黛玉,竹梢,0.09779571561626824,3,30.676190476190477,3,3.440238702872183e-05
黛玉,蓑衣,0.13039428748835766,3,23.007142857142856,4,0.00013426839555570434
黛玉,旧病,0.39118286246507294,3,7.669047619047619,12,0.006075309244600313
黛玉,接到,0.2607885749767153,3,11.503571428571428,8,0.0017044191133283038
黛玉,联道,0.7497671530580565,3,4.0012422360248445,23,0.03755852896577805
黛玉,紫鹃正,0.13039428748835766,3,23.007142857142856,4,0.00013426839555570434
黛玉,停放,0.2281900031046259,3,13.146938775510204,7,0.0010915949462922958
黛玉,灵柩,0.2281900031046259,3,13.146938775510204,7,0.0010915949462922958
黛玉,因联道,0.32598571872089416,3,9.202857142857143,10,0.0034786643914523907
黛玉,玉微微,0.19559143123253647,3,15.338095238095239,6,0.0006392138172194696
黛玉,被窝,0.29338714684880474,3,10.225396825396825,9,0.002495055617416475
黛玉,直流,0.32598571872089416,3,9.202857142857143,10,0.0034786643914523907
黛玉,小毛,0.09779571561626824,3,30.676190476190477,3,3.440238702872183e-05
黛玉,诗稿,0.09779571561626824,3,30.676190476190477,3,3.440238702872183e-05
黛玉,那绢子,0.09779571561626824,3,30.676190476190477,3,3.440238702872183e-05
黛玉,自叹,0.32598571872089416,2,6.135238095238095,10,0.04011985678200347
黛玉,家庭,0.16299285936044708,2,12.27047619047619,5,0.009930704292472003
黛玉,情理,0.2281900031046259,2,8.764625850340137,7,0.01997039138760992
黛玉,亦非,0.2607885749767153,2,7.6690476190476184,8,0.026059048800159967
黛玉,仙子,0.32598571872089416,2,6.135238095238095,10,0.04011985678200347
黛玉,小字,0.16299285936044708,2,12.27047619047619,5,0.009930704292472003
黛玉,正欲,0.29338714684880474,2,6.816931216931216,9,0.03279161832253685
黛玉,上书,0.19559143123253647,2,10.225396825396826,6,0.014576449565788074
黛玉,大字,0.2281900031046259,2,8.764625850340137,7,0.01997039138760992
黛玉,芭蕉,0.29338714684880474,2,6.816931216931216,9,0.03279161832253685
黛玉,书籍,0.19559143123253647,2,10.225396825396826,6,0.014576449565788074
黛玉,不俗,0.29338714684880474,2,6.816931216931216,9,0.03279161832253685
黛玉,自便,0.3585842905929835,2,5.577489177489178,11,0.04799796925347588
黛玉,中秋,0.29338714684880474,2,6.816931216931216,9,0.03279161832253685
黛玉,方散,0.2281900031046259,2,8.764625850340137,7,0.01997039138760992
黛玉,读书人,0.13039428748835766,2,15.338095238095237,4,0.006089436167026262
黛玉,天明,0.3585842905929835,2,5.577489177489178,11,0.04799796925347588
黛玉,安生,0.2607885749767153,2,7.6690476190476184,8,0.026059048800159967
黛玉,痴心,0.32598571872089416,2,6.135238095238095,10,0.04011985678200347
黛玉,有方,0.09779571561626824,2,20.450793650793653,3,0.003111852281401627
黛玉,扬州,0.2607885749767153,2,7.6690476190476184,8,0.026059048800159967
黛玉,令其,0.29338714684880474,2,6.816931216931216,9,0.03279161832253685
黛玉,正室,0.16299285936044708,2,12.27047619047619,5,0.009930704292472003
黛玉,作成,0.32598571872089416,2,6.135238095238095,10,0.04011985678200347
黛玉,闲谈,0.2607885749767153,2,7.6690476190476184,8,0.026059048800159967
黛玉,同姓,0.09779571561626824,2,20.450793650793653,3,0.003111852281401627
黛玉,贾府中,0.3585842905929835,2,5.577489177489178,11,0.04799796925347588
黛玉,遗迹,0.13039428748835766,2,15.338095238095237,4,0.006089436167026262
黛玉,树木,0.2607885749767153,2,7.6690476190476184,8,0.026059048800159967
黛玉,纳罕,0.29338714684880474,2,6.816931216931216,9,0.03279161832253685
黛玉,清爽,0.16299285936044708,2,12.27047619047619,5,0.009930704292472003
黛玉,劳神,0.13039428748835766,2,15.338095238095237,4,0.006089436167026262
黛玉,伴着,0.19559143123253647,2,10.225396825396826,6,0.014576449565788074
黛玉,看道,0.2607885749767153,2,7.6690476190476184,8,0.026059048800159967
黛玉,现袭,0.09779571561626824,2,20.450793650793653,3,0.003111852281401627
黛玉,之言,0.2281900031046259,2,8.764625850340137,7,0.01997039138760992
黛玉,唯唯,0.16299285936044708,2,12.27047619047619,5,0.009930704292472003
黛玉,教养,0.09779571561626824,2,20.450793650793653,3,0.003111852281401627
黛玉,之忧,0.13039428748835766,2,15.338095238095237,4,0.006089436167026262
黛玉,登舟,0.06519714374417883,2,30.676190476190474,2,0.0010602190184362812
黛玉,相貌,0.32598571872089416,2,6.135238095238095,10,0.04011985678200347
黛玉,竭力,0.19559143123253647,2,10.225396825396826,6,0.014576449565788074
黛玉,复职,0.09779571561626824,2,20.450793650793653,3,0.003111852281401627
黛玉,候缺,0.06519714374417883,2,30.676190476190474,2,0.0010602190184362812
黛玉,天府,0.06519714374417883,2,30.676190476190474,2,0.0010602190184362812
黛玉,上任,0.13039428748835766,2,15.338095238095237,4,0.006089436167026262
黛玉,车辆,0.19559143123253647,2,10.225396825396826,6,0.014576449565788074
黛玉,城中,0.06519714374417883,2,30.676190476190474,2,0.0010602190184362812
黛玉,向外,0.16299285936044708,2,12.27047619047619,5,0.009930704292472003
黛玉,正门,0.29338714684880474,2,6.816931216931216,9,0.03279161832253685
黛玉,怀中,0.29338714684880474,2,6.816931216931216,9,0.03279161832253685
黛玉,贾政之,0.06519714374417883,2,30.676190476190474,2,0.0010602190184362812
黛玉,二舅母,0.13039428748835766,2,15.338095238095237,4,0.006089436167026262
黛玉,第二个,0.2607885749767153,2,7.6690476190476184,8,0.026059048800159967
黛玉,互相,0.29338714684880474,2,6.816931216931216,9,0.03279161832253685
黛玉,见黛玉,0.2281900031046259,2,8.764625850340137,7,0.01997039138760992
黛玉,面庞,0.06519714374417883,2,30.676190476190474,2,0.0010602190184362812
黛玉,怯弱,0.13039428748835766,2,15.338095238095237,4,0.006089436167026262
黛玉,疗治,0.09779571561626824,2,20.450793650793653,3,0.003111852281401627
黛玉,后院,0.19559143123253647,2,10.225396825396826,6,0.014576449565788074
黛玉,辉煌,0.2607885749767153,2,7.6690476190476184,8,0.026059048800159967
黛玉,戴着,0.19559143123253647,2,10.225396825396826,6,0.014576449565788074
黛玉,八宝,0.13039428748835766,2,15.338095238095237,4,0.006089436167026262
黛玉,项上,0.13039428748835766,2,15.338095238095237,4,0.006089436167026262
黛玉,金百蝶,0.06519714374417883,2,30.676190476190474,2,0.0010602190184362812
黛玉,穿花,0.13039428748835766,2,15.338095238095237,4,0.006089436167026262
黛玉,五彩,0.29338714684880474,2,6.816931216931216,9,0.03279161832253685
黛玉,银鼠,0.2607885749767153,2,7.6690476190476184,8,0.026059048800159967
黛玉,翡翠,0.16299285936044708,2,12.27047619047619,5,0.009930704292472003
黛玉,撒花,0.32598571872089416,2,6.135238095238095,10,0.04011985678200347
黛玉,之子,0.29338714684880474,2,6.816931216931216,9,0.03279161832253685
黛玉,命苦,0.19559143123253647,2,10.225396825396826,6,0.014576449565788074
黛玉,一辆,0.19559143123253647,2,10.225396825396826,6,0.014576449565788074
黛玉,仪门,0.32598571872089416,2,6.135238095238095,10,0.04011985678200347
黛玉,方打,0.06519714374417883,2,30.676190476190474,2,0.0010602190184362812
黛玉,三层,0.09779571561626824,2,20.450793650793653,3,0.003111852281401627
黛玉,壮丽,0.06519714374417883,2,30.676190476190474,2,0.0010602190184362812
黛玉,苦留,0.16299285936044708,2,12.27047619047619,5,0.009930704292472003
黛玉,引着,0.3585842905929835,2,5.577489177489178,11,0.04799796925347588
黛玉,耳房,0.16299285936044708,2,12.27047619047619,5,0.009930704292472003
黛玉,这方,0.13039428748835766,2,15.338095238095237,4,0.006089436167026262
黛玉,九龙,0.13039428748835766,2,15.338095238095237,4,0.006089436167026262
黛玉,设着,0.2607885749767153,2,7.6690476190476184,8,0.026059048800159967
黛玉,两溜,0.16299285936044708,2,12.27047619047619,5,0.009930704292472003
黛玉,引黛玉,0.06519714374417883,2,30.676190476190474,2,0.0010602190184362812
黛玉,正面,0.32598571872089416,2,6.135238095238095,10,0.04011985678200347
黛玉,洋漆,0.09779571561626824,2,20.450793650793653,3,0.003111852281401627
黛玉,右边,0.29338714684880474,2,6.816931216931216,9,0.03279161832253685
黛玉,炕桌,0.19559143123253647,2,10.225396825396826,6,0.014576449565788074
黛玉,半旧,0.19559143123253647,2,10.225396825396826,6,0.014576449565788074
黛玉,青缎,0.2607885749767153,2,7.6690476190476184,8,0.026059048800159967
黛玉,引枕,0.13039428748835766,2,15.338095238095237,4,0.006089436167026262
黛玉,见黛玉来,0.06519714374417883,2,30.676190476190474,2,0.0010602190184362812
黛玉,贾珠之,0.06519714374417883,2,30.676190476190474,2,0.0010602190184362812
黛玉,推让,0.16299285936044708,2,12.27047619047619,5,0.009930704292472003
黛玉,巾帕,0.09779571561626824,2,20.450793650793653,3,0.003111852281401627
黛玉,养身,0.06519714374417883,2,30.676190476190474,2,0.0010602190184362812
黛玉,不得不,0.29338714684880474,2,6.816931216931216,9,0.03279161832253685
黛玉,早见,0.2281900031046259,2,8.764625850340137,7,0.01997039138760992
黛玉,照样,0.2607885749767153,2,7.6690476190476184,8,0.026059048800159967
黛玉,怎生,0.19559143123253647,2,10.225396825396826,6,0.014576449565788074
黛玉,有情,0.32598571872089416,2,6.135238095238095,10,0.04011985678200347
黛玉,凄凉,0.2281900031046259,2,8.764625850340137,7,0.01997039138760992
黛玉,之病,0.16299285936044708,2,12.27047619047619,5,0.009930704292472003
黛玉,只作,0.13039428748835766,2,15.338095238095237,4,0.006089436167026262
黛玉,狠命,0.32598571872089416,2,6.135238095238095,10,0.04011985678200347
黛玉,连人,0.13039428748835766,2,15.338095238095237,4,0.006089436167026262
黛玉,之礼,0.2607885749767153,2,7.6690476190476184,8,0.026059048800159967
黛玉,带上,0.29338714684880474,2,6.816931216931216,9,0.03279161832253685
黛玉,套间,0.2607885749767153,2,7.6690476190476184,8,0.026059048800159967
黛玉,安置,0.19559143123253647,2,10.225396825396826,6,0.014576449565788074
黛玉,碧纱橱,0.13039428748835766,2,15.338095238095237,4,0.006089436167026262
黛玉,一顶,0.16299285936044708,2,12.27047619047619,5,0.009930704292472003
黛玉,见雪雁,0.06519714374417883,2,30.676190476190474,2,0.0010602190184362812
黛玉,乳母,0.2281900031046259,2,8.764625850340137,7,0.01997039138760992
黛玉,另有,0.13039428748835766,2,15.338095238095237,4,0.006089436167026262
黛玉,掌管,0.19559143123253647,2,10.225396825396826,6,0.014576449565788074
黛玉,眼中,0.29338714684880474,2,6.816931216931216,9,0.03279161832253685
黛玉,书信,0.2607885749767153,2,7.6690476190476184,8,0.026059048800159967
黛玉,兄嫂,0.09779571561626824,2,20.450793650793653,3,0.003111852281401627
黛玉,薄命,0.2607885749767153,2,7.6690476190476184,8,0.026059048800159967
黛玉,黛玉同,0.06519714374417883,2,30.676190476190474,2,0.0010602190184362812
黛玉,计议,0.32598571872089416,2,6.135238095238095,10,0.04011985678200347
黛玉,纺绩,0.06519714374417883,2,30.676190476190474,2,0.0010602190184362812
黛玉,居住,0.3585842905929835,2,5.577489177489178,11,0.04799796925347588
黛玉,忧闷,0.19559143123253647,2,10.225396825396826,6,0.014576449565788074
黛玉,暗中,0.2607885749767153,2,7.6690476190476184,8,0.026059048800159967
黛玉,十余,0.06519714374417883,2,30.676190476190474,2,0.0010602190184362812
黛玉,俱全,0.13039428748835766,2,15.338095238095237,4,0.006089436167026262
黛玉,下棋,0.29338714684880474,2,6.816931216931216,9,0.03279161832253685
黛玉,或作,0.06519714374417883,2,30.676190476190474,2,0.0010602190184362812
黛玉,殷勤,0.32598571872089416,2,6.135238095238095,10,0.04011985678200347
黛玉,莫不,0.13039428748835766,2,15.338095238095237,4,0.006089436167026262
黛玉,聚赌,0.16299285936044708,2,12.27047619047619,5,0.009930704292472003
黛玉,素性,0.16299285936044708,2,12.27047619047619,5,0.009930704292472003
黛玉,断断,0.29338714684880474,2,6.816931216931216,9,0.03279161832253685
黛玉,一盏,0.32598571872089416,2,6.135238095238095,10,0.04011985678200347
黛玉,游玩,0.2607885749767153,2,7.6690476190476184,8,0.026059048800159967
黛玉,果觉,0.16299285936044708,2,12.27047619047619,5,0.009930704292472003
黛玉,幽香,0.13039428748835766,2,15.338095238095237,4,0.006089436167026262
黛玉,感怀,0.13039428748835766,2,15.338095238095237,4,0.006089436167026262
黛玉,生前,0.2281900031046259,2,8.764625850340137,7,0.01997039138760992
黛玉,脚下,0.3585842905929835,2,5.577489177489178,11,0.04799796925347588
黛玉,待人,0.29338714684880474,2,6.816931216931216,9,0.03279161832253685
黛玉,见世面,0.2607885749767153,2,7.6690476190476184,8,0.026059048800159967
黛玉,簇簇,0.13039428748835766,2,15.338095238095237,4,0.006089436167026262
黛玉,方笑,0.2607885749767153,2,7.6690476190476184,8,0.026059048800159967
黛玉,方便,0.32598571872089416,2,6.135238095238095,10,0.04011985678200347
黛玉,侧耳,0.16299285936044708,2,12.27047619047619,5,0.009930704292472003
黛玉,方慢慢,0.13039428748835766,2,15.338095238095237,4,0.006089436167026262
黛玉,心神,0.2607885749767153,2,7.6690476190476184,8,0.026059048800159967
黛玉,越想,0.32598571872089416,2,6.135238095238095,10,0.04011985678200347
黛玉,张口,0.2607885749767153,2,7.6690476190476184,8,0.026059048800159967
黛玉,病时,0.13039428748835766,2,15.338095238095237,4,0.006089436167026262
黛玉,孙女儿,0.29338714684880474,2,6.816931216931216,9,0.03279161832253685
黛玉,待书,0.29338714684880474,2,6.816931216931216,9,0.03279161832253685
黛玉,掀帘子,0.16299285936044708,2,12.27047619047619,5,0.009930704292472003
黛玉,新巧,0.19559143123253647,2,10.225396825396826,6,0.014576449565788074
黛玉,单送,0.09779571561626824,2,20.450793650793653,3,0.003111852281401627
黛玉,蝴蝶,0.09779571561626824,2,20.450793650793653,3,0.003111852281401627
黛玉,注云,0.29338714684880474,2,6.816931216931216,9,0.03279161832253685
黛玉,解了,0.2607885749767153,2,7.6690476190476184,8,0.026059048800159967
黛玉,之词,0.16299285936044708,2,12.27047619047619,5,0.009930704292472003
黛玉,知黛玉,0.06519714374417883,2,30.676190476190474,2,0.0010602190184362812
黛玉,因道,0.2607885749767153,2,7.6690476190476184,8,0.026059048800159967
黛玉,黛玉先,0.16299285936044708,2,12.27047619047619,5,0.009930704292472003
黛玉,劝劝,0.32598571872089416,2,6.135238095238095,10,0.04011985678200347
黛玉,房去,0.2281900031046259,2,8.764625850340137,7,0.01997039138760992
黛玉,通灵玉,0.19559143123253647,2,10.225396825396826,6,0.014576449565788074
黛玉,长大,0.3585842905929835,2,5.577489177489178,11,0.04799796925347588
黛玉,保重,0.29338714684880474,2,6.816931216931216,9,0.03279161832253685
黛玉,荷叶,0.3585842905929835,2,5.577489177489178,11,0.04799796925347588
黛玉,这一去,0.2281900031046259,2,8.764625850340137,7,0.01997039138760992
黛玉,体贴,0.32598571872089416,2,6.135238095238095,10,0.04011985678200347
黛玉,青年,0.19559143123253647,2,10.225396825396826,6,0.014576449565788074
黛玉,多记,0.13039428748835766,2,15.338095238095237,4,0.006089436167026262
黛玉,讪讪,0.3585842905929835,2,5.577489177489178,11,0.04799796925347588
黛玉,唧唧,0.3585842905929835,2,5.577489177489178,11,0.04799796925347588
黛玉,声儿,0.2607885749767153,2,7.6690476190476184,8,0.026059048800159967
黛玉,早晨,0.2607885749767153,2,7.6690476190476184,8,0.026059048800159967
黛玉,脱脱,0.09779571561626824,2,20.450793650793653,3,0.003111852281401627
黛玉,差人,0.2607885749767153,2,7.6690476190476184,8,0.026059048800159967
黛玉,病症,0.2281900031046259,2,8.764625850340137,7,0.01997039138760992
黛玉,小戏,0.2281900031046259,2,8.764625850340137,7,0.01997039138760992
黛玉,散闷,0.2281900031046259,2,8.764625850340137,7,0.01997039138760992
黛玉,难说,0.29338714684880474,2,6.816931216931216,9,0.03279161832253685
黛玉,景致,0.29338714684880474,2,6.816931216931216,9,0.03279161832253685
黛玉,缓缓的,0.16299285936044708,2,12.27047619047619,5,0.009930704292472003
黛玉,有意思,0.2281900031046259,2,8.764625850340137,7,0.01997039138760992
黛玉,不动,0.3585842905929835,2,5.577489177489178,11,0.04799796925347588
黛玉,中堂,0.06519714374417883,2,30.676190476190474,2,0.0010602190184362812
黛玉,贾政亦,0.09779571561626824,2,20.450793650793653,3,0.003111852281401627
黛玉,盘缠,0.16299285936044708,2,12.27047619047619,5,0.009930704292472003
黛玉,协理,0.13039428748835766,2,15.338095238095237,4,0.006089436167026262
黛玉,黛玉往,0.09779571561626824,2,20.450793650793653,3,0.003111852281401627
黛玉,设于,0.13039428748835766,2,15.338095238095237,4,0.006089436167026262
黛玉,惊醒,0.3585842905929835,2,5.577489177489178,11,0.04799796925347588
黛玉,另设,0.09779571561626824,2,20.450793650793653,3,0.003111852281401627
黛玉,以手,0.16299285936044708,2,12.27047619047619,5,0.009930704292472003
黛玉,回手,0.2607885749767153,2,7.6690476190476184,8,0.026059048800159967
黛玉,总理,0.2607885749767153,2,7.6690476190476184,8,0.026059048800159967
黛玉,里外,0.32598571872089416,2,6.135238095238095,10,0.04011985678200347
黛玉,赶上去,0.13039428748835766,2,15.338095238095237,4,0.006089436167026262
黛玉,完毕,0.29338714684880474,2,6.816931216931216,9,0.03279161832253685
黛玉,便来,0.32598571872089416,2,6.135238095238095,10,0.04011985678200347
黛玉,半点,0.19559143123253647,2,10.225396825396826,6,0.014576449565788074
黛玉,安插,0.19559143123253647,2,10.225396825396826,6,0.014576449565788074
黛玉,戏文,0.2607885749767153,2,7.6690476190476184,8,0.026059048800159967
黛玉,入朝,0.09779571561626824,2,20.450793650793653,3,0.003111852281401627
黛玉,安定,0.06519714374417883,2,30.676190476190474,2,0.0010602190184362812
黛玉,看视,0.19559143123253647,2,10.225396825396826,6,0.014576449565788074
黛玉,知觉,0.32598571872089416,2,6.135238095238095,10,0.04011985678200347
黛玉,三五日,0.2281900031046259,2,8.764625850340137,7,0.01997039138760992
黛玉,未愈,0.06519714374417883,2,30.676190476190474,2,0.0010602190184362812
黛玉,庆贺,0.09779571561626824,2,20.450793650793653,3,0.003111852281401627
黛玉,独他,0.19559143123253647,2,10.225396825396826,6,0.014576449565788074
黛玉,有如,0.13039428748835766,2,15.338095238095237,4,0.006089436167026262
黛玉,费事,0.3585842905929835,2,5.577489177489178,11,0.04799796925347588
黛玉,何用,0.3585842905929835,2,5.577489177489178,11,0.04799796925347588
黛玉,议定,0.32598571872089416,2,6.135238095238095,10,0.04011985678200347
黛玉,雪白,0.16299285936044708,2,12.27047619047619,5,0.009930704292472003
黛玉,亭子,0.29338714684880474,2,6.816931216931216,9,0.03279161832253685
黛玉,猩猩,0.32598571872089416,2,6.135238095238095,10,0.04011985678200347
黛玉,无味,0.2281900031046259,2,8.764625850340137,7,0.01997039138760992
黛玉,意外,0.32598571872089416,2,6.135238095238095,10,0.04011985678200347
黛玉,竟比,0.2281900031046259,2,8.764625850340137,7,0.01997039138760992
黛玉,围绕,0.16299285936044708,2,12.27047619047619,5,0.009930704292472003
黛玉,香袋,0.3585842905929835,2,5.577489177489178,11,0.04799796925347588
黛玉,赶过来,0.2281900031046259,2,8.764625850340137,7,0.01997039138760992
黛玉,已见,0.2607885749767153,2,7.6690476190476184,8,0.026059048800159967
黛玉,香囊,0.13039428748835766,2,15.338095238095237,4,0.006089436167026262
黛玉,黛玉见,0.29338714684880474,2,6.816931216931216,9,0.03279161832253685
黛玉,开手,0.16299285936044708,2,12.27047619047619,5,0.009930704292472003
黛玉,上床,0.29338714684880474,2,6.816931216931216,9,0.03279161832253685
黛玉,开心,0.3585842905929835,2,5.577489177489178,11,0.04799796925347588
黛玉,十月,0.32598571872089416,2,6.135238095238095,10,0.04011985678200347
黛玉,自贾母,0.09779571561626824,2,20.450793650793653,3,0.003111852281401627
黛玉,静悄悄,0.19559143123253647,2,10.225396825396826,6,0.014576449565788074
黛玉,哽咽,0.2607885749767153,2,7.6690476190476184,8,0.026059048800159967
黛玉,先行,0.2281900031046259,2,8.764625850340137,7,0.01997039138760992
黛玉,本性,0.2281900031046259,2,8.764625850340137,7,0.01997039138760992
黛玉,作戏,0.19559143123253647,2,10.225396825396826,6,0.014576449565788074
黛玉,不断,0.19559143123253647,2,10.225396825396826,6,0.014576449565788074
黛玉,调理,0.2281900031046259,2,8.764625850340137,7,0.01997039138760992
黛玉,嫁妆,0.16299285936044708,2,12.27047619047619,5,0.009930704292472003
黛玉,两只手,0.2281900031046259,2,8.764625850340137,7,0.01997039138760992
黛玉,正恐,0.16299285936044708,2,12.27047619047619,5,0.009930704292472003
黛玉,叫嚷,0.09779571561626824,2,20.450793650793653,3,0.003111852281401627
黛玉,骰子,0.3585842905929835,2,5.577489177489178,11,0.04799796925347588
黛玉,耳内,0.16299285936044708,2,12.27047619047619,5,0.009930704292472003
黛玉,嗔怪,0.13039428748835766,2,15.338095238095237,4,0.006089436167026262
黛玉,宝钗来,0.32598571872089416,2,6.135238095238095,10,0.04011985678200347
黛玉,袭人来,0.2281900031046259,2,8.764625850340137,7,0.01997039138760992
黛玉,杏子,0.13039428748835766,2,15.338095238095237,4,0.006089436167026262
黛玉,睡得,0.19559143123253647,2,10.225396825396826,6,0.014576449565788074
黛玉,大清早,0.2281900031046259,2,8.764625850340137,7,0.01997039138760992
黛玉,无限,0.2281900031046259,2,8.764625850340137,7,0.01997039138760992
黛玉,弯着腰,0.19559143123253647,2,10.225396825396826,6,0.014576449565788074
黛玉,躲开,0.19559143123253647,2,10.225396825396826,6,0.014576449565788074
黛玉,老人,0.09779571561626824,2,20.450793650793653,3,0.003111852281401627
黛玉,玩物,0.16299285936044708,2,12.27047619047619,5,0.009930704292472003
黛玉,二十一日,0.06519714374417883,2,30.676190476190474,2,0.0010602190184362812
黛玉,几席,0.19559143123253647,2,10.225396825396826,6,0.014576449565788074
黛玉,开戏,0.13039428748835766,2,15.338095238095237,4,0.006089436167026262
黛玉,至晚,0.2281900031046259,2,8.764625850340137,7,0.01997039138760992
黛玉,小性儿,0.19559143123253647,2,10.225396825396826,6,0.014576449565788074
黛玉,寻黛玉,0.09779571561626824,2,20.450793650793653,3,0.003111852281401627
黛玉,垂头,0.2281900031046259,2,8.764625850340137,7,0.01997039138760992
黛玉,凡事,0.2607885749767153,2,7.6690476190476184,8,0.026059048800159967
黛玉,应酬,0.29338714684880474,2,6.816931216931216,9,0.03279161832253685
黛玉,玩意儿,0.13039428748835766,2,15.338095238095237,4,0.006089436167026262
黛玉,灯来,0.16299285936044708,2,12.27047619047619,5,0.009930704292472003
黛玉,之故,0.09779571561626824,2,20.450793650793653,3,0.003111852281401627
黛玉,一发,0.2607885749767153,2,7.6690476190476184,8,0.026059048800159967
黛玉,翻来复去,0.2281900031046259,2,8.764625850340137,7,0.01997039138760992
黛玉,文官,0.3585842905929835,2,5.577489177489178,11,0.04799796925347588
黛玉,渐次,0.29338714684880474,2,6.816931216931216,9,0.03279161832253685
黛玉,随口,0.2281900031046259,2,8.764625850340137,7,0.01997039138760992
黛玉,鹦鹉,0.16299285936044708,2,12.27047619047619,5,0.009930704292472003
黛玉,连饭,0.19559143123253647,2,10.225396825396826,6,0.014576449565788074
黛玉,同袭,0.19559143123253647,2,10.225396825396826,6,0.014576449565788074
黛玉,往前走,0.19559143123253647,2,10.225396825396826,6,0.014576449565788074
黛玉,手回,0.06519714374417883,2,30.676190476190474,2,0.0010602190184362812
黛玉,新茶,0.13039428748835766,2,15.338095238095237,4,0.006089436167026262
黛玉,有点,0.19559143123253647,2,10.225396825396826,6,0.014576449565788074
黛玉,加上,0.13039428748835766,2,15.338095238095237,4,0.006089436167026262
黛玉,粗活,0.19559143123253647,2,10.225396825396826,6,0.014576449565788074
黛玉,恨宝玉,0.09779571561626824,2,20.450793650793653,3,0.003111852281401627
黛玉,各房,0.32598571872089416,2,6.135238095238095,10,0.04011985678200347
黛玉,教给,0.19559143123253647,2,10.225396825396826,6,0.014576449565788074
黛玉,宝钗宝玉,0.13039428748835766,2,15.338095238095237,4,0.006089436167026262
黛玉,将身,0.13039428748835766,2,15.338095238095237,4,0.006089436167026262
黛玉,扭身,0.09779571561626824,2,20.450793650793653,3,0.003111852281401627
黛玉,懒懒,0.29338714684880474,2,6.816931216931216,9,0.03279161832253685
黛玉,似有,0.3585842905929835,2,5.577489177489178,11,0.04799796925347588
黛玉,昏昏,0.13039428748835766,2,15.338095238095237,4,0.006089436167026262
黛玉,左思右想,0.16299285936044708,2,12.27047619047619,5,0.009930704292472003
黛玉,贾政叫,0.2607885749767153,2,7.6690476190476184,8,0.026059048800159967
黛玉,池中,0.2281900031046259,2,8.764625850340137,7,0.01997039138760992
黛玉,嘲笑,0.2281900031046259,2,8.764625850340137,7,0.01997039138760992
黛玉,煞住,0.16299285936044708,2,12.27047619047619,5,0.009930704292472003
黛玉,掩住,0.13039428748835766,2,15.338095238095237,4,0.006089436167026262
黛玉,蚊子,0.2607885749767153,2,7.6690476190476184,8,0.026059048800159967
黛玉,昏愦,0.16299285936044708,2,12.27047619047619,5,0.009930704292472003
黛玉,愁绪,0.09779571561626824,2,20.450793650793653,3,0.003111852281401627
黛玉,一腔,0.2607885749767153,2,7.6690476190476184,8,0.026059048800159967
黛玉,如意,0.2607885749767153,2,7.6690476190476184,8,0.026059048800159967
黛玉,情重,0.06519714374417883,2,30.676190476190474,2,0.0010602190184362812
黛玉,儿笑,0.2607885749767153,2,7.6690476190476184,8,0.026059048800159967
黛玉,同喜,0.09779571561626824,2,20.450793650793653,3,0.003111852281401627
黛玉,素云,0.32598571872089416,2,6.135238095238095,10,0.04011985678200347
黛玉,替人,0.13039428748835766,2,15.338095238095237,4,0.006089436167026262
黛玉,自知,0.29338714684880474,2,6.816931216931216,9,0.03279161832253685
黛玉,捶腿,0.2281900031046259,2,8.764625850340137,7,0.01997039138760992
黛玉,落下,0.16299285936044708,2,12.27047619047619,5,0.009930704292472003
黛玉,一肚子,0.3585842905929835,2,5.577489177489178,11,0.04799796925347588
黛玉,因黛玉,0.09779571561626824,2,20.450793650793653,3,0.003111852281401627
黛玉,伤起,0.2607885749767153,2,7.6690476190476184,8,0.026059048800159967
黛玉,咽住,0.2281900031046259,2,8.764625850340137,7,0.01997039138760992
黛玉,昏昏沉沉,0.13039428748835766,2,15.338095238095237,4,0.006089436167026262
黛玉,避讳,0.13039428748835766,2,15.338095238095237,4,0.006089436167026262
黛玉,出手,0.16299285936044708,2,12.27047619047619,5,0.009930704292472003
黛玉,领会,0.13039428748835766,2,15.338095238095237,4,0.006089436167026262
黛玉,蘸笔,0.09779571561626824,2,20.450793650793653,3,0.003111852281401627
黛玉,设法,0.32598571872089416,2,6.135238095238095,10,0.04011985678200347
黛玉,竹影,0.06519714374417883,2,30.676190476190474,2,0.0010602190184362812
黛玉,所喜,0.13039428748835766,2,15.338095238095237,4,0.006089436167026262
黛玉,呆子,0.3585842905929835,2,5.577489177489178,11,0.04799796925347588
黛玉,十锦,0.13039428748835766,2,15.338095238095237,4,0.006089436167026262
黛玉,起社,0.2281900031046259,2,8.764625850340137,7,0.01997039138760992
黛玉,嫦娥,0.19559143123253647,2,10.225396825396826,6,0.014576449565788074
黛玉,两桌,0.16299285936044708,2,12.27047619047619,5,0.009930704292472003
黛玉,自斟,0.09779571561626824,2,20.450793650793653,3,0.003111852281401627
黛玉,一壶,0.19559143123253647,2,10.225396825396826,6,0.014576449565788074
黛玉,杯来,0.09779571561626824,2,20.450793650793653,3,0.003111852281401627
黛玉,咕咚,0.16299285936044708,2,12.27047619047619,5,0.009930704292472003
黛玉,雨声,0.09779571561626824,2,20.450793650793653,3,0.003111852281401627
黛玉,挨次,0.32598571872089416,2,6.135238095238095,10,0.04011985678200347
黛玉,珐琅,0.09779571561626824,2,20.450793650793653,3,0.003111852281401627
黛玉,贾母先,0.13039428748835766,2,15.338095238095237,4,0.006089436167026262
黛玉,老鸹,0.16299285936044708,2,12.27047619047619,5,0.009930704292472003
黛玉,发笑,0.19559143123253647,2,10.225396825396826,6,0.014576449565788074
黛玉,一歪,0.09779571561626824,2,20.450793650793653,3,0.003111852281401627
黛玉,单子,0.32598571872089416,2,6.135238095238095,10,0.04011985678200347
黛玉,等待,0.13039428748835766,2,15.338095238095237,4,0.006089436167026262
黛玉,贫寒,0.09779571561626824,2,20.450793650793653,3,0.003111852281401627
黛玉,女工,0.13039428748835766,2,15.338095238095237,4,0.006089436167026262
黛玉,反觉,0.29338714684880474,2,6.816931216931216,9,0.03279161832253685
黛玉,燕窝,0.32598571872089416,2,6.135238095238095,10,0.04011985678200347
黛玉,脉脉,0.13039428748835766,2,15.338095238095237,4,0.006089436167026262
黛玉,移灯,0.09779571561626824,2,20.450793650793653,3,0.003111852281401627
黛玉,伏侍黛,0.09779571561626824,2,20.450793650793653,3,0.003111852281401627
黛玉,屋门,0.2607885749767153,2,7.6690476190476184,8,0.026059048800159967
黛玉,失言,0.29338714684880474,2,6.816931216931216,9,0.03279161832253685
黛玉,踌躇,0.16299285936044708,2,12.27047619047619,5,0.009930704292472003
黛玉,底里,0.2281900031046259,2,8.764625850340137,7,0.01997039138760992
黛玉,琉璃,0.09779571561626824,2,20.450793650793653,3,0.003111852281401627
黛玉,李婶,0.3585842905929835,2,5.577489177489178,11,0.04799796925347588
黛玉,为首,0.13039428748835766,2,15.338095238095237,4,0.006089436167026262
黛玉,心热,0.06519714374417883,2,30.676190476190474,2,0.0010602190184362812
黛玉,你念,0.06519714374417883,2,30.676190476190474,2,0.0010602190184362812
黛玉,恰是,0.2607885749767153,2,7.6690476190476184,8,0.026059048800159967
黛玉,分外,0.19559143123253647,2,10.225396825396826,6,0.014576449565788074
黛玉,冒冒失失,0.16299285936044708,2,12.27047619047619,5,0.009930704292472003
黛玉,火盆,0.2281900031046259,2,8.764625850340137,7,0.01997039138760992
黛玉,时气,0.2281900031046259,2,8.764625850340137,7,0.01997039138760992
黛玉,想念,0.2281900031046259,2,8.764625850340137,7,0.01997039138760992
黛玉,已后,0.09779571561626824,2,20.450793650793653,3,0.003111852281401627
黛玉,渐觉,0.06519714374417883,2,30.676190476190474,2,0.0010602190184362812
黛玉,说破,0.16299285936044708,2,12.27047619047619,5,0.009930704292472003
黛玉,往上,0.13039428748835766,2,15.338095238095237,4,0.006089436167026262
黛玉,独是,0.29338714684880474,2,6.816931216931216,9,0.03279161832253685
黛玉,亲戚家,0.3585842905929835,2,5.577489177489178,11,0.04799796925347588
黛玉,向紫鹃,0.19559143123253647,2,10.225396825396826,6,0.014576449565788074
黛玉,自行,0.19559143123253647,2,10.225396825396826,6,0.014576449565788074
黛玉,问讯,0.06519714374417883,2,30.676190476190474,2,0.0010602190184362812
黛玉,因恐,0.13039428748835766,2,15.338095238095237,4,0.006089436167026262
黛玉,起先,0.29338714684880474,2,6.816931216931216,9,0.03279161832253685
黛玉,知心,0.13039428748835766,2,15.338095238095237,4,0.006089436167026262
黛玉,兔死狐悲,0.06519714374417883,2,30.676190476190474,2,0.0010602190184362812
黛玉,物伤其类,0.09779571561626824,2,20.450793650793653,3,0.003111852281401627
黛玉,况贾母,0.06519714374417883,2,30.676190476190474,2,0.0010602190184362812
黛玉,分散,0.06519714374417883,2,30.676190476190474,2,0.0010602190184362812
黛玉,诸务,0.06519714374417883,2,30.676190476190474,2,0.0010602190184362812
黛玉,知意,0.09779571561626824,2,20.450793650793653,3,0.003111852281401627
黛玉,冷淡,0.32598571872089416,2,6.135238095238095,10,0.04011985678200347
黛玉,到家,0.29338714684880474,2,6.816931216931216,9,0.03279161832253685
黛玉,磕下头,0.06519714374417883,2,30.676190476190474,2,0.0010602190184362812
黛玉,同庚,0.06519714374417883,2,30.676190476190474,2,0.0010602190184362812
黛玉,掀起,0.2607885749767153,2,7.6690476190476184,8,0.026059048800159967
黛玉,带笑,0.16299285936044708,2,12.27047619047619,5,0.009930704292472003
黛玉,恹恹,0.19559143123253647,2,10.225396825396826,6,0.014576449565788074
黛玉,不差什么,0.09779571561626824,2,20.450793650793653,3,0.003111852281401627
黛玉,触物伤情,0.06519714374417883,2,30.676190476190474,2,0.0010602190184362812
黛玉,闷气,0.19559143123253647,2,10.225396825396826,6,0.014576449565788074
黛玉,旧事,0.09779571561626824,2,20.450793650793653,3,0.003111852281401627
黛玉,回凤姐,0.16299285936044708,2,12.27047619047619,5,0.009930704292472003
黛玉,烧毁,0.06519714374417883,2,30.676190476190474,2,0.0010602190184362812
黛玉,到园,0.19559143123253647,2,10.225396825396826,6,0.014576449565788074
黛玉,临死,0.16299285936044708,2,12.27047619047619,5,0.009930704292472003
黛玉,转念,0.19559143123253647,2,10.225396825396826,6,0.014576449565788074
黛玉,心窝,0.13039428748835766,2,15.338095238095237,4,0.006089436167026262
黛玉,立即,0.09779571561626824,2,20.450793650793653,3,0.003111852281401627
黛玉,躺下去,0.06519714374417883,2,30.676190476190474,2,0.0010602190184362812
黛玉,紫鹃刚,0.06519714374417883,2,30.676190476190474,2,0.0010602190184362812
黛玉,一翻,0.06519714374417883,2,30.676190476190474,2,0.0010602190184362812
黛玉,紫鹃见,0.16299285936044708,2,12.27047619047619,5,0.009930704292472003
黛玉,神色,0.19559143123253647,2,10.225396825396826,6,0.014576449565788074
黛玉,题诗,0.06519714374417883,2,30.676190476190474,2,0.0010602190184362812
黛玉,偷偷,0.19559143123253647,2,10.225396825396826,6,0.014576449565788074
黛玉,冒失,0.2281900031046259,2,8.764625850340137,7,0.01997039138760992
黛玉,上炎,0.06519714374417883,2,30.676190476190474,2,0.0010602190184362812
黛玉,唇边,0.06519714374417883,2,30.676190476190474,2,0.0010602190184362812
黛玉,病原,0.06519714374417883,2,30.676190476190474,2,0.0010602190184362812
黛玉,几儿,0.09779571561626824,2,20.450793650793653,3,0.003111852281401627
黛玉,黛玉略,0.06519714374417883,2,30.676190476190474,2,0.0010602190184362812
黛玉,黛玉漱,0.06519714374417883,2,30.676190476190474,2,0.0010602190184362812
黛玉,雪雁正,0.06519714374417883,2,30.676190476190474,2,0.0010602190184362812
黛玉,摇摇手,0.06519714374417883,2,30.676190476190474,2,0.0010602190184362812
黛玉,盖上,0.06519714374417883,2,30.676190476190474,2,0.0010602190184362812
黛玉,问雪雁,0.06519714374417883,2,30.676190476190474,2,0.0010602190184362812
黛玉,昏晕,0.13039428748835766,2,15.338095238095237,4,0.006089436167026262
黛玉,那雪雁,0.06519714374417883,2,30.676190476190474,2,0.0010602190184362812
黛玉,侍书雪,0.06519714374417883,2,30.676190476190474,2,0.0010602190184362812
黛玉,顿觉,0.09779571561626824,2,20.450793650793653,3,0.003111852281401627
黛玉,定神,0.19559143123253647,2,10.225396825396826,6,0.014576449565788074
黛玉,紫鹃到,0.09779571561626824,2,20.450793650793653,3,0.003111852281401627
黛玉,失玉,0.2281900031046259,2,8.764625850340137,7,0.01997039138760992
黛玉,傻笑,0.16299285936044708,2,12.27047619047619,5,0.009930704292472003
黛玉,神志,0.09779571561626824,2,20.450793650793653,3,0.003111852281401627
黛玉,扶住,0.16299285936044708,2,12.27047619047619,5,0.009930704292472003
黛玉,数声,0.06519714374417883,2,30.676190476190474,2,0.0010602190184362812
黛玉,笼上,0.06519714374417883,2,30.676190476190474,2,0.0010602190184362812
黛玉,王奶妈,0.06519714374417883,2,30.676190476190474,2,0.0010602190184362812
黛玉,四拜,0.06519714374417883,2,30.676190476190474,2,0.0010602190184362812
黛玉,傻气,0.06519714374417883,2,30.676190476190474,2,0.0010602190184362812
黛玉,原恐,0.06519714374417883,2,30.676190476190474,2,0.0010602190184362812
黛玉,气绝,0.09779571561626824,2,20.450793650793653,3,0.003111852281401627
黛玉,那女,0.032598571872089414,1,30.676190476190474,1,0.03259857187200331
黛玉,方愈,0.032598571872089414,1,30.676190476190474,1,0.03259857187200331
黛玉,弃父,0.032598571872089414,1,30.676190476190474,1,0.03259857187200331
黛玉,务去,0.032598571872089414,1,30.676190476190474,1,0.03259857187200331
黛玉,汝父,0.032598571872089414,1,30.676190476190474,1,0.03259857187200331
黛玉,再无续,0.032598571872089414,1,30.676190476190474,1,0.03259857187200331
黛玉,且汝多病,0.032598571872089414,1,30.676190476190474,1,0.03259857187200331
黛玉,亲母,0.032598571872089414,1,30.676190476190474,1,0.03259857187200331
黛玉,舅氏,0.032598571872089414,1,30.676190476190474,1,0.03259857187200331
黛玉,顾盼,0.032598571872089414,1,30.676190476190474,1,0.03259857187200331
黛玉,何反云,0.032598571872089414,1,30.676190476190474,1,0.03259857187200331
黛玉,及荣府,0.032598571872089414,1,30.676190476190474,1,0.03259857187200331
黛玉,老妇人,0.032598571872089414,1,30.676190476190474,1,0.03259857187200331
黛玉,依附,0.032598571872089414,1,30.676190476190474,1,0.03259857187200331
黛玉,黛玉而行,0.032598571872089414,1,30.676190476190474,1,0.03259857187200331
黛玉,先整,0.032598571872089414,1,30.676190476190474,1,0.03259857187200331
黛玉,妹丈,0.032598571872089414,1,30.676190476190474,1,0.03259857187200331
黛玉,见雨村,0.032598571872089414,1,30.676190476190474,1,0.03259857187200331
黛玉,魁伟,0.032598571872089414,1,30.676190476190474,1,0.03259857187200331
黛玉,礼贤下士,0.032598571872089414,1,30.676190476190474,1,0.03259857187200331
黛玉,济弱,0.032598571872089414,1,30.676190476190474,1,0.03259857187200331
黛玉,扶危,0.032598571872089414,1,30.676190476190474,1,0.03259857187200331
黛玉,祖风,0.032598571872089414,1,30.676190476190474,1,0.03259857187200331
黛玉,系妹,0.032598571872089414,1,30.676190476190474,1,0.03259857187200331
黛玉,优待,0.032598571872089414,1,30.676190476190474,1,0.03259857187200331
黛玉,协助,0.032598571872089414,1,30.676190476190474,1,0.03259857187200331
黛玉,题奏,0.032598571872089414,1,30.676190476190474,1,0.03259857187200331
黛玉,缺出,0.032598571872089414,1,30.676190476190474,1,0.03259857187200331
黛玉,便谋补,0.032598571872089414,1,30.676190476190474,1,0.03259857187200331
黛玉,弃舟,0.032598571872089414,1,30.676190476190474,1,0.03259857187200331
黛玉,今至,0.032598571872089414,1,30.676190476190474,1,0.03259857187200331
黛玉,其家,0.032598571872089414,1,30.676190476190474,1,0.03259857187200331
黛玉,步步,0.032598571872089414,1,30.676190476190474,1,0.03259857187200331
黛玉,多行,0.032598571872089414,1,30.676190476190474,1,0.03259857187200331
黛玉,阜盛,0.032598571872089414,1,30.676190476190474,1,0.03259857187200331
黛玉,街北,0.032598571872089414,1,30.676190476190474,1,0.03259857187200331
黛玉,前列,0.032598571872089414,1,30.676190476190474,1,0.03259857187200331
黛玉,华冠丽服,0.032598571872089414,1,30.676190476190474,1,0.03259857187200331
黛玉,敕造,0.032598571872089414,1,30.676190476190474,1,0.03259857187200331
黛玉,黛玉想,0.032598571872089414,1,30.676190476190474,1,0.03259857187200331
黛玉,房时,0.032598571872089414,1,30.676190476190474,1,0.03259857187200331
黛玉,心肝儿,0.032598571872089414,1,30.676190476190474,1,0.03259857187200331
黛玉,涕泣,0.032598571872089414,1,30.676190476190474,1,0.03259857187200331
黛玉,所云,0.032598571872089414,1,30.676190476190474,1,0.03259857187200331
黛玉,之史氏,0.032598571872089414,1,30.676190476190474,1,0.03259857187200331
黛玉,先珠,0.032598571872089414,1,30.676190476190474,1,0.03259857187200331
黛玉,年貌,0.032598571872089414,1,30.676190476190474,1,0.03259857187200331
黛玉,常服,0.032598571872089414,1,30.676190476190474,1,0.03259857187200331
黛玉,何药,0.032598571872089414,1,30.676190476190474,1,0.03259857187200331
黛玉,不急,0.032598571872089414,1,30.676190476190474,1,0.03259857187200331
黛玉,敛声屏气,0.032598571872089414,1,30.676190476190474,1,0.03259857187200331
黛玉,恭肃,0.032598571872089414,1,30.676190476190474,1,0.03259857187200331
黛玉,严整,0.032598571872089414,1,30.676190476190474,1,0.03259857187200331
黛玉,来者,0.032598571872089414,1,30.676190476190474,1,0.03259857187200331
黛玉,围拥,0.032598571872089414,1,30.676190476190474,1,0.03259857187200331
黛玉,彩绣,0.032598571872089414,1,30.676190476190474,1,0.03259857187200331
黛玉,神妃,0.032598571872089414,1,30.676190476190474,1,0.03259857187200331
黛玉,五凤,0.032598571872089414,1,30.676190476190474,1,0.03259857187200331
黛玉,挂珠钗,0.032598571872089414,1,30.676190476190474,1,0.03259857187200331
黛玉,裙边,0.032598571872089414,1,30.676190476190474,1,0.03259857187200331
黛玉,豆绿,0.032598571872089414,1,30.676190476190474,1,0.03259857187200331
黛玉,双衡,0.032598571872089414,1,30.676190476190474,1,0.03259857187200331
黛玉,洋缎,0.032598571872089414,1,30.676190476190474,1,0.03259857187200331
黛玉,洋绉裙,0.032598571872089414,1,30.676190476190474,1,0.03259857187200331
黛玉,两弯,0.032598571872089414,1,30.676190476190474,1,0.03259857187200331
黛玉,吊梢眉,0.032598571872089414,1,30.676190476190474,1,0.03259857187200331
黛玉,苗条,0.032598571872089414,1,30.676190476190474,1,0.03259857187200331
黛玉,含春威,0.032598571872089414,1,30.676190476190474,1,0.03259857187200331
黛玉,丹唇,0.032598571872089414,1,30.676190476190474,1,0.03259857187200331
黛玉,南省,0.032598571872089414,1,30.676190476190474,1,0.03259857187200331
黛玉,辣子,0.032598571872089414,1,30.676190476190474,1,0.03259857187200331
黛玉,虽不识,0.032598571872089414,1,30.676190476190474,1,0.03259857187200331
黛玉,假充,0.032598571872089414,1,30.676190476190474,1,0.03259857187200331
黛玉,男儿,0.032598571872089414,1,30.676190476190474,1,0.03259857187200331
黛玉,这熙,0.032598571872089414,1,30.676190476190474,1,0.03259857187200331
黛玉,凤携着,0.032598571872089414,1,30.676190476190474,1,0.03259857187200331
黛玉,垂花门,0.032598571872089414,1,30.676190476190474,1,0.03259857187200331
黛玉,翠幄,0.032598571872089414,1,30.676190476190474,1,0.03259857187200331
黛玉,拉至,0.032598571872089414,1,30.676190476190474,1,0.03259857187200331
黛玉,宽处,0.032598571872089414,1,30.676190476190474,1,0.03259857187200331
黛玉,方驾,0.032598571872089414,1,30.676190476190474,1,0.03259857187200331
黛玉,起车,0.032598571872089414,1,30.676190476190474,1,0.03259857187200331
黛玉,黛玉度,0.032598571872089414,1,30.676190476190474,1,0.03259857187200331
黛玉,院宇,0.032598571872089414,1,30.676190476190474,1,0.03259857187200331
黛玉,随处,0.032598571872089414,1,30.676190476190474,1,0.03259857187200331
黛玉,盛妆丽服,0.032598571872089414,1,30.676190476190474,1,0.03259857187200331
黛玉,之姬,0.032598571872089414,1,30.676190476190474,1,0.03259857187200331
黛玉,命人到,0.032598571872089414,1,30.676190476190474,1,0.03259857187200331
黛玉,虽拙,0.032598571872089414,1,30.676190476190474,1,0.03259857187200331
黛玉,外道,0.032598571872089414,1,30.676190476190474,1,0.03259857187200331
黛玉,原不应,0.032598571872089414,1,30.676190476190474,1,0.03259857187200331
黛玉,恐领,0.032598571872089414,1,30.676190476190474,1,0.03259857187200331
黛玉,再领,0.032598571872089414,1,30.676190476190474,1,0.03259857187200331
黛玉,容谅,0.032598571872089414,1,30.676190476190474,1,0.03259857187200331
黛玉,送至仪,0.032598571872089414,1,30.676190476190474,1,0.03259857187200331
黛玉,向南,0.032598571872089414,1,30.676190476190474,1,0.03259857187200331
黛玉,钻山,0.032598571872089414,1,30.676190476190474,1,0.03259857187200331
黛玉,四通八达,0.032598571872089414,1,30.676190476190474,1,0.03259857187200331
黛玉,轩昂,0.032598571872089414,1,30.676190476190474,1,0.03259857187200331
黛玉,青地,0.032598571872089414,1,30.676190476190474,1,0.03259857187200331
黛玉,书赐,0.032598571872089414,1,30.676190476190474,1,0.03259857187200331
黛玉,翰之宝,0.032598571872089414,1,30.676190476190474,1,0.03259857187200331
黛玉,随朝墨,0.032598571872089414,1,30.676190476190474,1,0.03259857187200331
黛玉,龙大,0.032598571872089414,1,30.676190476190474,1,0.03259857187200331
黛玉,联牌,0.032598571872089414,1,30.676190476190474,1,0.03259857187200331
黛玉,镶着,0.032598571872089414,1,30.676190476190474,1,0.03259857187200331
黛玉,珠玑,0.032598571872089414,1,30.676190476190474,1,0.03259857187200331
黛玉,世教弟,0.032598571872089414,1,30.676190476190474,1,0.03259857187200331
黛玉,勋袭,0.032598571872089414,1,30.676190476190474,1,0.03259857187200331
黛玉,穆莳拜,0.032598571872089414,1,30.676190476190474,1,0.03259857187200331
黛玉,居坐,0.032598571872089414,1,30.676190476190474,1,0.03259857187200331
黛玉,宴息,0.032598571872089414,1,30.676190476190474,1,0.03259857187200331
黛玉,进东,0.032598571872089414,1,30.676190476190474,1,0.03259857187200331
黛玉,上铺,0.032598571872089414,1,30.676190476190474,1,0.03259857187200331
黛玉,金钱,0.032598571872089414,1,30.676190476190474,1,0.03259857187200331
黛玉,蟒引,0.032598571872089414,1,30.676190476190474,1,0.03259857187200331
黛玉,蟒大条,0.032598571872089414,1,30.676190476190474,1,0.03259857187200331
黛玉,几上,0.032598571872089414,1,30.676190476190474,1,0.03259857187200331
黛玉,鼎匙,0.032598571872089414,1,30.676190476190474,1,0.03259857187200331
黛玉,东廊,0.032598571872089414,1,30.676190476190474,1,0.03259857187200331
黛玉,横设,0.032598571872089414,1,30.676190476190474,1,0.03259857187200331
黛玉,靠东,0.032598571872089414,1,30.676190476190474,1,0.03259857187200331
黛玉,壁面,0.032598571872089414,1,30.676190476190474,1,0.03259857187200331
黛玉,西设,0.032598571872089414,1,30.676190476190474,1,0.03259857187200331
黛玉,椅袱,0.032598571872089414,1,30.676190476190474,1,0.03259857187200331
黛玉,偶一,0.032598571872089414,1,30.676190476190474,1,0.03259857187200331
黛玉,孽根祸胎,0.032598571872089414,1,30.676190476190474,1,0.03259857187200331
黛玉,混世魔王,0.032598571872089414,1,30.676190476190474,1,0.03259857187200331
黛玉,熙凤安,0.032598571872089414,1,30.676190476190474,1,0.03259857187200331
黛玉,进羹,0.032598571872089414,1,30.676190476190474,1,0.03259857187200331
黛玉,面榻,0.032598571872089414,1,30.676190476190474,1,0.03259857187200331
黛玉,独坐,0.032598571872089414,1,30.676190476190474,1,0.03259857187200331
黛玉,四张,0.032598571872089414,1,30.676190476190474,1,0.03259857187200331
黛玉,空椅,0.032598571872089414,1,30.676190476190474,1,0.03259857187200331
黛玉,熙凤忙,0.032598571872089414,1,30.676190476190474,1,0.03259857187200331
黛玉,第一张,0.032598571872089414,1,30.676190476190474,1,0.03259857187200331
黛玉,黛玉方告,0.032598571872089414,1,30.676190476190474,1,0.03259857187200331
黛玉,座方,0.032598571872089414,1,30.676190476190474,1,0.03259857187200331
黛玉,惜春右,0.032598571872089414,1,30.676190476190474,1,0.03259857187200331
黛玉,执着,0.032598571872089414,1,30.676190476190474,1,0.03259857187200331
黛玉,案旁布,0.032598571872089414,1,30.676190476190474,1,0.03259857187200331
黛玉,教女,0.032598571872089414,1,30.676190476190474,1,0.03259857187200331
黛玉,惜福,0.032598571872089414,1,30.676190476190474,1,0.03259857187200331
黛玉,务待,0.032598571872089414,1,30.676190476190474,1,0.03259857187200331
黛玉,饭粒,0.032598571872089414,1,30.676190476190474,1,0.03259857187200331
黛玉,咽尽,0.032598571872089414,1,30.676190476190474,1,0.03259857187200331
黛玉,不伤脾胃,0.032598571872089414,1,30.676190476190474,1,0.03259857187200331
黛玉,今黛玉见,0.032598571872089414,1,30.676190476190474,1,0.03259857187200331
黛玉,之式,0.032598571872089414,1,30.676190476190474,1,0.03259857187200331
黛玉,改过来,0.032598571872089414,1,30.676190476190474,1,0.03259857187200331
黛玉,手毕,0.032598571872089414,1,30.676190476190474,1,0.03259857187200331
黛玉,惫懒,0.032598571872089414,1,30.676190476190474,1,0.03259857187200331
黛玉,懵懂,0.032598571872089414,1,30.676190476190474,1,0.03259857187200331
黛玉,未报,0.032598571872089414,1,30.676190476190474,1,0.03259857187200331
黛玉,齐眉,0.032598571872089414,1,30.676190476190474,1,0.03259857187200331
黛玉,丝攒,0.032598571872089414,1,30.676190476190474,1,0.03259857187200331
黛玉,花结,0.032598571872089414,1,30.676190476190474,1,0.03259857187200331
黛玉,长穗宫,0.032598571872089414,1,30.676190476190474,1,0.03259857187200331
黛玉,锻排,0.032598571872089414,1,30.676190476190474,1,0.03259857187200331
黛玉,登着,0.032598571872089414,1,30.676190476190474,1,0.03259857187200331
黛玉,粉底,0.032598571872089414,1,30.676190476190474,1,0.03259857187200331
黛玉,小朝,0.032598571872089414,1,30.676190476190474,1,0.03259857187200331
黛玉,色如,0.032598571872089414,1,30.676190476190474,1,0.03259857187200331
黛玉,春晓,0.032598571872089414,1,30.676190476190474,1,0.03259857187200331
黛玉,之花,0.032598571872089414,1,30.676190476190474,1,0.03259857187200331
黛玉,刀裁,0.032598571872089414,1,30.676190476190474,1,0.03259857187200331
黛玉,眉如,0.032598571872089414,1,30.676190476190474,1,0.03259857187200331
黛玉,面如桃瓣,0.032598571872089414,1,30.676190476190474,1,0.03259857187200331
黛玉,目若,0.032598571872089414,1,30.676190476190474,1,0.03259857187200331
黛玉,虽怒,0.032598571872089414,1,30.676190476190474,1,0.03259857187200331
黛玉,若笑,0.032598571872089414,1,30.676190476190474,1,0.03259857187200331
黛玉,视而,0.032598571872089414,1,30.676190476190474,1,0.03259857187200331
黛玉,其语,0.032598571872089414,1,30.676190476190474,1,0.03259857187200331
黛玉,残冬,0.032598571872089414,1,30.676190476190474,1,0.03259857187200331
黛玉,早有熙,0.032598571872089414,1,30.676190476190474,1,0.03259857187200331
黛玉,凤命,0.032598571872089414,1,30.676190476190474,1,0.03259857187200331
黛玉,花帐,0.032598571872089414,1,30.676190476190474,1,0.03259857187200331
黛玉,锦被,0.032598571872089414,1,30.676190476190474,1,0.03259857187200331
黛玉,缎褥,0.032598571872089414,1,30.676190476190474,1,0.03259857187200331
黛玉,王嬷嬷,0.032598571872089414,1,30.676190476190474,1,0.03259857187200331
黛玉,作雪雁,0.032598571872089414,1,30.676190476190474,1,0.03259857187200331
黛玉,外亦如,0.032598571872089414,1,30.676190476190474,1,0.03259857187200331
黛玉,教引,0.032598571872089414,1,30.676190476190474,1,0.03259857187200331
黛玉,洒扫,0.032598571872089414,1,30.676190476190474,1,0.03259857187200331
黛玉,使役,0.032598571872089414,1,30.676190476190474,1,0.03259857187200331
黛玉,袭人者,0.032598571872089414,1,30.676190476190474,1,0.03259857187200331
黛玉,本名,0.032598571872089414,1,30.676190476190474,1,0.03259857187200331
黛玉,尽忠,0.032598571872089414,1,30.676190476190474,1,0.03259857187200331
黛玉,素喜袭,0.032598571872089414,1,30.676190476190474,1,0.03259857187200331
黛玉,纯良,0.032598571872089414,1,30.676190476190474,1,0.03259857187200331
黛玉,旧人,0.032598571872089414,1,30.676190476190474,1,0.03259857187200331
黛玉,花气,0.032598571872089414,1,30.676190476190474,1,0.03259857187200331
黛玉,更名,0.032598571872089414,1,30.676190476190474,1,0.03259857187200331
黛玉,痴处,0.032598571872089414,1,30.676190476190474,1,0.03259857187200331
黛玉,母时,0.032598571872089414,1,30.676190476190474,1,0.03259857187200331
黛玉,忧郁,0.032598571872089414,1,30.676190476190474,1,0.03259857187200331
黛玉,自卸,0.032598571872089414,1,30.676190476190474,1,0.03259857187200331
黛玉,省过,0.032598571872089414,1,30.676190476190474,1,0.03259857187200331
黛玉,因往,0.032598571872089414,1,30.676190476190474,1,0.03259857187200331
黛玉,熙凤,0.032598571872089414,1,30.676190476190474,1,0.03259857187200331
黛玉,所居,0.032598571872089414,1,30.676190476190474,1,0.03259857187200331
黛玉,倚财仗势,0.032598571872089414,1,30.676190476190474,1,0.03259857187200331
黛玉,案下,0.032598571872089414,1,30.676190476190474,1,0.03259857187200331
黛玉,审理,0.032598571872089414,1,30.676190476190474,1,0.03259857187200331
黛玉,唤取,0.032598571872089414,1,30.676190476190474,1,0.03259857187200331
黛玉,第四回,0.032598571872089414,1,30.676190476190474,1,0.03259857187200331
黛玉,偏逢,0.032598571872089414,1,30.676190476190474,1,0.03259857187200331
黛玉,僧乱判,0.032598571872089414,1,30.676190476190474,1,0.03259857187200331
黛玉,夭亡,0.032598571872089414,1,30.676190476190474,1,0.03259857187200331
黛玉,幸存,0.032598571872089414,1,30.676190476190474,1,0.03259857187200331
黛玉,取名,0.032598571872089414,1,30.676190476190474,1,0.03259857187200331
黛玉,今方,0.032598571872089414,1,30.676190476190474,1,0.03259857187200331
黛玉,名宦,0.032598571872089414,1,30.676190476190474,1,0.03259857187200331
黛玉,父名,0.032598571872089414,1,30.676190476190474,1,0.03259857187200331
黛玉,李守中,0.032598571872089414,1,30.676190476190474,1,0.03259857187200331
黛玉,国子监,0.032598571872089414,1,30.676190476190474,1,0.03259857187200331
黛玉,祭酒,0.032598571872089414,1,30.676190476190474,1,0.03259857187200331
黛玉,诵诗,0.032598571872089414,1,30.676190476190474,1,0.03259857187200331
黛玉,继承,0.032598571872089414,1,30.676190476190474,1,0.03259857187200331
黛玉,列女,0.032598571872089414,1,30.676190476190474,1,0.03259857187200331
黛玉,贤媛集,0.032598571872089414,1,30.676190476190474,1,0.03259857187200331
黛玉,三四种,0.032598571872089414,1,30.676190476190474,1,0.03259857187200331
黛玉,贤女,0.032598571872089414,1,30.676190476190474,1,0.03259857187200331
黛玉,取名为,0.032598571872089414,1,30.676190476190474,1,0.03259857187200331
黛玉,丧偶,0.032598571872089414,1,30.676190476190474,1,0.03259857187200331
黛玉,膏粱锦绣,0.032598571872089414,1,30.676190476190474,1,0.03259857187200331
黛玉,槁木死灰,0.032598571872089414,1,30.676190476190474,1,0.03259857187200331
黛玉,无见,0.032598571872089414,1,30.676190476190474,1,0.03259857187200331
黛玉,唯知,0.032598571872089414,1,30.676190476190474,1,0.03259857187200331
黛玉,侍亲,0.032598571872089414,1,30.676190476190474,1,0.03259857187200331
黛玉,养子,0.032598571872089414,1,30.676190476190474,1,0.03259857187200331
黛玉,诵读,0.032598571872089414,1,30.676190476190474,1,0.03259857187200331
黛玉,今黛玉,0.032598571872089414,1,30.676190476190474,1,0.03259857187200331
黛玉,虽客,0.032598571872089414,1,30.676190476190474,1,0.03259857187200331
黛玉,寄于,0.032598571872089414,1,30.676190476190474,1,0.03259857187200331
黛玉,其愿,0.032598571872089414,1,30.676190476190474,1,0.03259857187200331
黛玉,这梨,0.032598571872089414,1,30.676190476190474,1,0.03259857187200331
黛玉,荣公,0.032598571872089414,1,30.676190476190474,1,0.03259857187200331
黛玉,后舍,0.032598571872089414,1,30.676190476190474,1,0.03259857187200331
黛玉,此门,0.032598571872089414,1,30.676190476190474,1,0.03259857187200331
黛玉,通一,0.032598571872089414,1,30.676190476190474,1,0.03259857187200331
黛玉,相叙,0.032598571872089414,1,30.676190476190474,1,0.03259857187200331
黛玉,原不欲,0.032598571872089414,1,30.676190476190474,1,0.03259857187200331
黛玉,居住者,0.032598571872089414,1,30.676190476190474,1,0.03259857187200331
黛玉,拘禁,0.032598571872089414,1,30.676190476190474,1,0.03259857187200331
黛玉,移居,0.032598571872089414,1,30.676190476190474,1,0.03259857187200331
黛玉,贾宅族,0.032598571872089414,1,30.676190476190474,1,0.03259857187200331
黛玉,中凡,0.032598571872089414,1,30.676190476190474,1,0.03259857187200331
黛玉,认熟,0.032598571872089414,1,30.676190476190474,1,0.03259857187200331
黛玉,气习者,0.032598571872089414,1,30.676190476190474,1,0.03259857187200331
黛玉,会酒,0.032598571872089414,1,30.676190476190474,1,0.03259857187200331
黛玉,更坏,0.032598571872089414,1,30.676190476190474,1,0.03259857187200331
黛玉,贾政训子,0.032598571872089414,1,30.676190476190474,1,0.03259857187200331
黛玉,有法,0.032598571872089414,1,30.676190476190474,1,0.03259857187200331
黛玉,彼乃宁府,0.032598571872089414,1,30.676190476190474,1,0.03259857187200331
黛玉,中事,0.032598571872089414,1,30.676190476190474,1,0.03259857187200331
黛玉,公私,0.032598571872089414,1,30.676190476190474,1,0.03259857187200331
黛玉,潇洒,0.032598571872089414,1,30.676190476190474,1,0.03259857187200331
黛玉,每公暇,0.032598571872089414,1,30.676190476190474,1,0.03259857187200331
黛玉,另开,0.032598571872089414,1,30.676190476190474,1,0.03259857187200331
黛玉,放意,0.032598571872089414,1,30.676190476190474,1,0.03259857187200331
黛玉,畅怀,0.032598571872089414,1,30.676190476190474,1,0.03259857187200331
黛玉,携花,0.032598571872089414,1,30.676190476190474,1,0.03259857187200331
黛玉,惜三人,0.032598571872089414,1,30.676190476190474,1,0.03259857187200331
黛玉,移到,0.032598571872089414,1,30.676190476190474,1,0.03259857187200331
黛玉,陪伴,0.032598571872089414,1,30.676190476190474,1,0.03259857187200331
黛玉,下围棋,0.032598571872089414,1,30.676190476190474,1,0.03259857187200331
黛玉,九连环,0.032598571872089414,1,30.676190476190474,1,0.03259857187200331
黛玉,开匣,0.032598571872089414,1,30.676190476190474,1,0.03259857187200331
黛玉,堆纱,0.032598571872089414,1,30.676190476190474,1,0.03259857187200331
黛玉,圣旨,0.032598571872089414,1,30.676190476190474,1,0.03259857187200331
黛玉,两阵,0.032598571872089414,1,30.676190476190474,1,0.03259857187200331
黛玉,助着,0.032598571872089414,1,30.676190476190474,1,0.03259857187200331
黛玉,听些,0.032598571872089414,1,30.676190476190474,1,0.03259857187200331
黛玉,新贴,0.032598571872089414,1,30.676190476190474,1,0.03259857187200331
黛玉,云轩,0.032598571872089414,1,30.676190476190474,1,0.03259857187200331
黛玉,早来候,0.032598571872089414,1,30.676190476190474,1,0.03259857187200331
黛玉,未辞,0.032598571872089414,1,30.676190476190474,1,0.03259857187200331
黛玉,镜理妆,0.032598571872089414,1,30.676190476190474,1,0.03259857187200331
黛玉,直入,0.032598571872089414,1,30.676190476190474,1,0.03259857187200331
黛玉,起经,0.032598571872089414,1,30.676190476190474,1,0.03259857187200331
黛玉,别者,0.032598571872089414,1,30.676190476190474,1,0.03259857187200331
黛玉,贫富,0.032598571872089414,1,30.676190476190474,1,0.03259857187200331
黛玉,家分资,0.032598571872089414,1,30.676190476190474,1,0.03259857187200331
黛玉,富完,0.032598571872089414,1,30.676190476190474,1,0.03259857187200331
黛玉,身染,0.032598571872089414,1,30.676190476190474,1,0.03259857187200331
黛玉,重疾,0.032598571872089414,1,30.676190476190474,1,0.03259857187200331
黛玉,父女之情,0.032598571872089414,1,30.676190476190474,1,0.03259857187200331
黛玉,拦劝,0.032598571872089414,1,30.676190476190474,1,0.03259857187200331
黛玉,土仪,0.032598571872089414,1,30.676190476190474,1,0.03259857187200331
黛玉,烦说,0.032598571872089414,1,30.676190476190474,1,0.03259857187200331
黛玉,作速择,0.032598571872089414,1,30.676190476190474,1,0.03259857187200331
黛玉,第十三回,0.032598571872089414,1,30.676190476190474,1,0.03259857187200331
黛玉,秦可卿,0.032598571872089414,1,30.676190476190474,1,0.03259857187200331
黛玉,死封,0.032598571872089414,1,30.676190476190474,1,0.03259857187200331
黛玉,自贾琏,0.032598571872089414,1,30.676190476190474,1,0.03259857187200331
黛玉,行程,0.032598571872089414,1,30.676190476190474,1,0.03259857187200331
黛玉,已交三鼓,0.032598571872089414,1,30.676190476190474,1,0.03259857187200331
黛玉,微朦,0.032598571872089414,1,30.676190476190474,1,0.03259857187200331
黛玉,喜气,0.032598571872089414,1,30.676190476190474,1,0.03259857187200331
黛玉,盈腮,0.032598571872089414,1,30.676190476190474,1,0.03259857187200331
黛玉,四乘大,0.032598571872089414,1,30.676190476190474,1,0.03259857187200331
黛玉,轿入,0.032598571872089414,1,30.676190476190474,1,0.03259857187200331
黛玉,贾蔷奉,0.032598571872089414,1,30.676190476190474,1,0.03259857187200331
黛玉,侍贾母,0.032598571872089414,1,30.676190476190474,1,0.03259857187200331
黛玉,言笑,0.032598571872089414,1,30.676190476190474,1,0.03259857187200331
黛玉,私逃,0.032598571872089414,1,30.676190476190474,1,0.03259857187200331
黛玉,秦钟家,0.032598571872089414,1,30.676190476190474,1,0.03259857187200331
黛玉,笞杖,0.032598571872089414,1,30.676190476190474,1,0.03259857187200331
黛玉,老父,0.032598571872089414,1,30.676190476190474,1,0.03259857187200331
黛玉,悔痛,0.032598571872089414,1,30.676190476190474,1,0.03259857187200331
黛玉,无及,0.032598571872089414,1,30.676190476190474,1,0.03259857187200331
黛玉,解得,0.032598571872089414,1,30.676190476190474,1,0.03259857187200331
黛玉,介意,0.032598571872089414,1,30.676190476190474,1,0.03259857187200331
黛玉,嘲他,0.032598571872089414,1,30.676190476190474,1,0.03259857187200331
黛玉,喜意,0.032598571872089414,1,30.676190476190474,1,0.03259857187200331
黛玉,累上,0.032598571872089414,1,30.676190476190474,1,0.03259857187200331
黛玉,保本,0.032598571872089414,1,30.676190476190474,1,0.03259857187200331
黛玉,补京缺,0.032598571872089414,1,30.676190476190474,1,0.03259857187200331
黛玉,黛玉有,0.032598571872089414,1,30.676190476190474,1,0.03259857187200331
黛玉,师从,0.032598571872089414,1,30.676190476190474,1,0.03259857187200331
黛玉,已葬入,0.032598571872089414,1,30.676190476190474,1,0.03259857187200331
黛玉,出月,0.032598571872089414,1,30.676190476190474,1,0.03259857187200331
黛玉,昼夜兼程,0.032598571872089414,1,30.676190476190474,1,0.03259857187200331
黛玉,果报,0.032598571872089414,1,30.676190476190474,1,0.03259857187200331
黛玉,品度,0.032598571872089414,1,30.676190476190474,1,0.03259857187200331
黛玉,超逸,0.032598571872089414,1,30.676190476190474,1,0.03259857187200331
黛玉,器具,0.032598571872089414,1,30.676190476190474,1,0.03259857187200331
黛玉,香串,0.032598571872089414,1,30.676190476190474,1,0.03259857187200331
黛玉,转赠,0.032598571872089414,1,30.676190476190474,1,0.03259857187200331
黛玉,臭男人,0.032598571872089414,1,30.676190476190474,1,0.03259857187200331
黛玉,所烦,0.032598571872089414,1,30.676190476190474,1,0.03259857187200331
黛玉,衣领,0.032598571872089414,1,30.676190476190474,1,0.03259857187200331
黛玉,红袄,0.032598571872089414,1,30.676190476190474,1,0.03259857187200331
黛玉,要恼,0.032598571872089414,1,30.676190476190474,1,0.03259857187200331
黛玉,歇午,0.032598571872089414,1,30.676190476190474,1,0.03259857187200331
黛玉,绣线,0.032598571872089414,1,30.676190476190474,1,0.03259857187200331
黛玉,只合,0.032598571872089414,1,30.676190476190474,1,0.03259857187200331
黛玉,闹会子,0.032598571872089414,1,30.676190476190474,1,0.03259857187200331
黛玉,天魔,0.032598571872089414,1,30.676190476190474,1,0.03259857187200331
黛玉,子要,0.032598571872089414,1,30.676190476190474,1,0.03259857187200331
黛玉,揩拭,0.032598571872089414,1,30.676190476190474,1,0.03259857187200331
黛玉,从黛玉袖,0.032598571872089414,1,30.676190476190474,1,0.03259857187200331
黛玉,醉魂,0.032598571872089414,1,30.676190476190474,1,0.03259857187200331
黛玉,冬寒,0.032598571872089414,1,30.676190476190474,1,0.03259857187200331
黛玉,罗汉,0.032598571872089414,1,30.676190476190474,1,0.03259857187200331
黛玉,肢窝,0.032598571872089414,1,30.676190476190474,1,0.03259857187200331
黛玉,下乱,0.032598571872089414,1,30.676190476190474,1,0.03259857187200331
黛玉,伸来,0.032598571872089414,1,30.676190476190474,1,0.03259857187200331
黛玉,子盖,0.032598571872089414,1,30.676190476190474,1,0.03259857187200331
黛玉,没一搭,0.032598571872089414,1,30.676190476190474,1,0.03259857187200331
黛玉,见何,0.032598571872089414,1,30.676190476190474,1,0.03259857187200331
黛玉,土俗,0.032598571872089414,1,30.676190476190474,1,0.03259857187200331
黛玉,民风,0.032598571872089414,1,30.676190476190474,1,0.03259857187200331
黛玉,课林,0.032598571872089414,1,30.676190476190474,1,0.03259857187200331
黛玉,香玉,0.032598571872089414,1,30.676190476190474,1,0.03259857187200331
黛玉,原多,0.032598571872089414,1,30.676190476190474,1,0.03259857187200331
黛玉,凡该,0.032598571872089414,1,30.676190476190474,1,0.03259857187200331
黛玉,第二十回,0.032598571872089414,1,30.676190476190474,1,0.03259857187200331
黛玉,正言弹,0.032598571872089414,1,30.676190476190474,1,0.03259857187200331
黛玉,妒意,0.032598571872089414,1,30.676190476190474,1,0.03259857187200331
黛玉,俏语,0.032598571872089414,1,30.676190476190474,1,0.03259857187200331
黛玉,娇音,0.032598571872089414,1,30.676190476190474,1,0.03259857187200331
黛玉,绿蜡,0.032598571872089414,1,30.676190476190474,1,0.03259857187200331
黛玉,之典,0.032598571872089414,1,30.676190476190474,1,0.03259857187200331
黛玉,方不欲,0.032598571872089414,1,30.676190476190474,1,0.03259857187200331
黛玉,老背,0.032598571872089414,1,30.676190476190474,1,0.03259857187200331
黛玉,气闷,0.032598571872089414,1,30.676190476190474,1,0.03259857187200331
黛玉,仍来,0.032598571872089414,1,30.676190476190474,1,0.03259857187200331
黛玉,知难,0.032598571872089414,1,30.676190476190474,1,0.03259857187200331
黛玉,款语温言,0.032598571872089414,1,30.676190476190474,1,0.03259857187200331
黛玉,归寝,0.032598571872089414,1,30.676190476190474,1,0.03259857187200331
黛玉,已二,0.032598571872089414,1,30.676190476190474,1,0.03259857187200331
黛玉,鞋往,0.032598571872089414,1,30.676190476190474,1,0.03259857187200331
黛玉,尚卧,0.032598571872089414,1,30.676190476190474,1,0.03259857187200331
黛玉,严严密密,0.032598571872089414,1,30.676190476190474,1,0.03259857187200331
黛玉,红绫,0.032598571872089414,1,30.676190476190474,1,0.03259857187200331
黛玉,拖于,0.032598571872089414,1,30.676190476190474,1,0.03259857187200331
黛玉,枕畔,0.032598571872089414,1,30.676190476190474,1,0.03259857187200331
黛玉,齐胸,0.032598571872089414,1,30.676190476190474,1,0.03259857187200331
黛玉,一弯,0.032598571872089414,1,30.676190476190474,1,0.03259857187200331
黛玉,撂于,0.032598571872089414,1,30.676190476190474,1,0.03259857187200331
黛玉,残水要,0.032598571872089414,1,30.676190476190474,1,0.03259857187200331
黛玉,看至,0.032598571872089414,1,30.676190476190474,1,0.03259857187200331
黛玉,所续,0.032598571872089414,1,30.676190476190474,1,0.03259857187200331
黛玉,续书,0.032598571872089414,1,30.676190476190474,1,0.03259857187200331
黛玉,弄笔,0.032598571872089414,1,30.676190476190474,1,0.03259857187200331
黛玉,定昏,0.032598571872089414,1,30.676190476190474,1,0.03259857187200331
黛玉,之余,0.032598571872089414,1,30.676190476190474,1,0.03259857187200331
黛玉,何戏,0.032598571872089414,1,30.676190476190474,1,0.03259857187200331
黛玉,甜烂,0.032598571872089414,1,30.676190476190474,1,0.03259857187200331
黛玉,之食,0.032598571872089414,1,30.676190476190474,1,0.03259857187200331
黛玉,总依,0.032598571872089414,1,30.676190476190474,1,0.03259857187200331
黛玉,素喜者,0.032598571872089414,1,30.676190476190474,1,0.03259857187200331
黛玉,欢悦,0.032598571872089414,1,30.676190476190474,1,0.03259857187200331
黛玉,昆弋,0.032598571872089414,1,30.676190476190474,1,0.03259857187200331
黛玉,两腔,0.032598571872089414,1,30.676190476190474,1,0.03259857187200331
黛玉,推出,0.032598571872089414,1,30.676190476190474,1,0.03259857187200331
黛玉,自审,0.032598571872089414,1,30.676190476190474,1,0.03259857187200331
黛玉,黛玉反,0.032598571872089414,1,30.676190476190474,1,0.03259857187200331
黛玉,再关,0.032598571872089414,1,30.676190476190474,1,0.03259857187200331
黛玉,不则,0.032598571872089414,1,30.676190476190474,1,0.03259857187200331
黛玉,感忿而作,0.032598571872089414,1,30.676190476190474,1,0.03259857187200331
黛玉,至贵者,0.032598571872089414,1,30.676190476190474,1,0.03259857187200331
黛玉,坚者,0.032598571872089414,1,30.676190476190474,1,0.03259857187200331
黛玉,尔有,0.032598571872089414,1,30.676190476190474,1,0.03259857187200331
黛玉,何贵,0.032598571872089414,1,30.676190476190474,1,0.03259857187200331
黛玉,尽善,0.032598571872089414,1,30.676190476190474,1,0.03259857187200331
黛玉,比出,0.032598571872089414,1,30.676190476190474,1,0.03259857187200331
黛玉,此皆素,0.032598571872089414,1,30.676190476190474,1,0.03259857187200331
黛玉,四角,0.032598571872089414,1,30.676190476190474,1,0.03259857187200331
黛玉,平头,0.032598571872089414,1,30.676190476190474,1,0.03259857187200331
黛玉,纱灯,0.032598571872089414,1,30.676190476190474,1,0.03259857187200331
黛玉,而制,0.032598571872089414,1,30.676190476190474,1,0.03259857187200331
黛玉,自验,0.032598571872089414,1,30.676190476190474,1,0.03259857187200331
黛玉,机心,0.032598571872089414,1,30.676190476190474,1,0.03259857187200331
黛玉,拈一物,0.032598571872089414,1,30.676190476190474,1,0.03259857187200331
黛玉,一谜,0.032598571872089414,1,30.676190476190474,1,0.03259857187200331
黛玉,惟二,0.032598571872089414,1,30.676190476190474,1,0.03259857187200331
黛玉,领茶,0.032598571872089414,1,30.676190476190474,1,0.03259857187200331
黛玉,速作,0.032598571872089414,1,30.676190476190474,1,0.03259857187200331
黛玉,当屋,0.032598571872089414,1,30.676190476190474,1,0.03259857187200331
黛玉,粘于,0.032598571872089414,1,30.676190476190474,1,0.03259857187200331
黛玉,屏上,0.032598571872089414,1,30.676190476190474,1,0.03259857187200331
黛玉,细果,0.032598571872089414,1,30.676190476190474,1,0.03259857187200331
黛玉,贾政朝,0.032598571872089414,1,30.676190476190474,1,0.03259857187200331
黛玉,贾兰唤,0.032598571872089414,1,30.676190476190474,1,0.03259857187200331
黛玉,长谈阔论,0.032598571872089414,1,30.676190476190474,1,0.03259857187200331
黛玉,弱女,0.032598571872089414,1,30.676190476190474,1,0.03259857187200331
黛玉,却素,0.032598571872089414,1,30.676190476190474,1,0.03259857187200331
黛玉,贾政在席,0.032598571872089414,1,30.676190476190474,1,0.03259857187200331
黛玉,缄口,0.032598571872089414,1,30.676190476190474,1,0.03259857187200331
黛玉,禁言,0.032598571872089414,1,30.676190476190474,1,0.03259857187200331
黛玉,多语,0.032598571872089414,1,30.676190476190474,1,0.03259857187200331
黛玉,轻动,0.032598571872089414,1,30.676190476190474,1,0.03259857187200331
黛玉,坦然自若,0.032598571872089414,1,30.676190476190474,1,0.03259857187200331
黛玉,反见,0.032598571872089414,1,30.676190476190474,1,0.03259857187200331
黛玉,知因,0.032598571872089414,1,30.676190476190474,1,0.03259857187200331
黛玉,贾政一人,0.032598571872089414,1,30.676190476190474,1,0.03259857187200331
黛玉,大设,0.032598571872089414,1,30.676190476190474,1,0.03259857187200331
黛玉,春灯雅,0.032598571872089414,1,30.676190476190474,1,0.03259857187200331
黛玉,故也备,0.032598571872089414,1,30.676190476190474,1,0.03259857187200331
黛玉,入会,0.032598571872089414,1,30.676190476190474,1,0.03259857187200331
黛玉,何疼,0.032598571872089414,1,30.676190476190474,1,0.03259857187200331
黛玉,不略,0.032598571872089414,1,30.676190476190474,1,0.03259857187200331
黛玉,吹到,0.032598571872089414,1,30.676190476190474,1,0.03259857187200331
黛玉,不落,0.032598571872089414,1,30.676190476190474,1,0.03259857187200331
黛玉,姹紫嫣红,0.032598571872089414,1,30.676190476190474,1,0.03259857187200331
黛玉,开遍,0.032598571872089414,1,30.676190476190474,1,0.03259857187200331
黛玉,断井颓垣,0.032598571872089414,1,30.676190476190474,1,0.03259857187200331
黛玉,找回,0.032598571872089414,1,30.676190476190474,1,0.03259857187200331
黛玉,脚一径,0.032598571872089414,1,30.676190476190474,1,0.03259857187200331
黛玉,垂地,0.032598571872089414,1,30.676190476190474,1,0.03259857187200331
黛玉,透出,0.032598571872089414,1,30.676190476190474,1,0.03259857187200331
黛玉,伸懒腰,0.032598571872089414,1,30.676190476190474,1,0.03259857187200331
黛玉,向里装,0.032598571872089414,1,30.676190476190474,1,0.03259857187200331
黛玉,抬手,0.032598571872089414,1,30.676190476190474,1,0.03259857187200331
黛玉,新兴,0.032598571872089414,1,30.676190476190474,1,0.03259857187200331
黛玉,村话,0.032598571872089414,1,30.676190476190474,1,0.03259857187200331
黛玉,水禽,0.032598571872089414,1,30.676190476190474,1,0.03259857187200331
黛玉,浴水,0.032598571872089414,1,30.676190476190474,1,0.03259857187200331
黛玉,正拌,0.032598571872089414,1,30.676190476190474,1,0.03259857187200331
黛玉,气移,0.032598571872089414,1,30.676190476190474,1,0.03259857187200331
黛玉,不避,0.032598571872089414,1,30.676190476190474,1,0.03259857187200331
黛玉,喜怒无常,0.032598571872089414,1,30.676190476190474,1,0.03259857187200331
黛玉,猜忌,0.032598571872089414,1,30.676190476190474,1,0.03259857187200331
黛玉,团扇,0.032598571872089414,1,30.676190476190474,1,0.03259857187200331
黛玉,迎风,0.032598571872089414,1,30.676190476190474,1,0.03259857187200331
黛玉,翩跹,0.032598571872089414,1,30.676190476190474,1,0.03259857187200331
黛玉,忽起忽落,0.032598571872089414,1,30.676190476190474,1,0.03259857187200331
黛玉,来来往往,0.032598571872089414,1,30.676190476190474,1,0.03259857187200331
黛玉,香汗,0.032598571872089414,1,30.676190476190474,1,0.03259857187200331
黛玉,淋漓,0.032598571872089414,1,30.676190476190474,1,0.03259857187200331
黛玉,曲桥,0.032598571872089414,1,30.676190476190474,1,0.03259857187200331
黛玉,糊着,0.032598571872089414,1,30.676190476190474,1,0.03259857187200331
黛玉,脚往,0.032598571872089414,1,30.676190476190474,1,0.03259857187200331
黛玉,我道,0.032598571872089414,1,30.676190476190474,1,0.03259857187200331
黛玉,抖抖,0.032598571872089414,1,30.676190476190474,1,0.03259857187200331
黛玉,下山,0.032598571872089414,1,30.676190476190474,1,0.03259857187200331
黛玉,寻归,0.032598571872089414,1,30.676190476190474,1,0.03259857187200331
黛玉,脸望,0.032598571872089414,1,30.676190476190474,1,0.03259857187200331
黛玉,粉线,0.032598571872089414,1,30.676190476190474,1,0.03259857187200331
黛玉,甩来,0.032598571872089414,1,30.676190476190474,1,0.03259857187200331
黛玉,第二十九回,0.032598571872089414,1,30.676190476190474,1,0.03259857187200331
黛玉,人福深,0.032598571872089414,1,30.676190476190474,1,0.03259857187200331
黛玉,祷福,0.032598571872089414,1,30.676190476190474,1,0.03259857187200331
黛玉,痴情女,0.032598571872089414,1,30.676190476190474,1,0.03259857187200331
黛玉,斟情,0.032598571872089414,1,30.676190476190474,1,0.03259857187200331
黛玉,摇着头,0.032598571872089414,1,30.676190476190474,1,0.03259857187200331
黛玉,打醮,0.032598571872089414,1,30.676190476190474,1,0.03259857187200331
黛玉,传开,0.032598571872089414,1,30.676190476190474,1,0.03259857187200331
黛玉,单表到,0.032598571872089414,1,30.676190476190474,1,0.03259857187200331
黛玉,拈香,0.032598571872089414,1,30.676190476190474,1,0.03259857187200331
黛玉,首日,0.032598571872089414,1,30.676190476190474,1,0.03259857187200331
黛玉,翠盖,0.032598571872089414,1,30.676190476190474,1,0.03259857187200331
黛玉,珠缨,0.032598571872089414,1,30.676190476190474,1,0.03259857187200331
黛玉,惜春三人,0.032598571872089414,1,30.676190476190474,1,0.03259857187200331
黛玉,朱轮,0.032598571872089414,1,30.676190476190474,1,0.03259857187200331
黛玉,华盖,0.032598571872089414,1,30.676190476190474,1,0.03259857187200331
黛玉,外带,0.032598571872089414,1,30.676190476190474,1,0.03259857187200331
黛玉,一街,0.032598571872089414,1,30.676190476190474,1,0.03259857187200331
黛玉,间经,0.032598571872089414,1,30.676190476190474,1,0.03259857187200331
黛玉,轰雷掣电,0.032598571872089414,1,30.676190476190474,1,0.03259857187200331
黛玉,思之,0.032598571872089414,1,30.676190476190474,1,0.03259857187200331
黛玉,却头,0.032598571872089414,1,30.676190476190474,1,0.03259857187200331
黛玉,回竟,0.032598571872089414,1,30.676190476190474,1,0.03259857187200331
黛玉,呆来,0.032598571872089414,1,30.676190476190474,1,0.03259857187200331
黛玉,带得,0.032598571872089414,1,30.676190476190474,1,0.03259857187200331
黛玉,袭人怕,0.032598571872089414,1,30.676190476190474,1,0.03259857187200331
黛玉,诉说,0.032598571872089414,1,30.676190476190474,1,0.03259857187200331
黛玉,半梦半醒,0.032598571872089414,1,30.676190476190474,1,0.03259857187200331
黛玉,犹恐,0.032598571872089414,1,30.676190476190474,1,0.03259857187200331
黛玉,尝试,0.032598571872089414,1,30.676190476190474,1,0.03259857187200331
黛玉,香妙,0.032598571872089414,1,30.676190476190474,1,0.03259857187200331
黛玉,因心,0.032598571872089414,1,30.676190476190474,1,0.03259857187200331
黛玉,一法,0.032598571872089414,1,30.676190476190474,1,0.03259857187200331
黛玉,借书,0.032598571872089414,1,30.676190476190474,1,0.03259857187200331
黛玉,驰荡,0.032598571872089414,1,30.676190476190474,1,0.03259857187200331
黛玉,苦意,0.032598571872089414,1,30.676190476190474,1,0.03259857187200331
黛玉,单看,0.032598571872089414,1,30.676190476190474,1,0.03259857187200331
黛玉,可惧,0.032598571872089414,1,30.676190476190474,1,0.03259857187200331
黛玉,可愧,0.032598571872089414,1,30.676190476190474,1,0.03259857187200331
黛玉,沸然,0.032598571872089414,1,30.676190476190474,1,0.03259857187200331
黛玉,余意,0.032598571872089414,1,30.676190476190474,1,0.03259857187200331
黛玉,便向案,0.032598571872089414,1,30.676190476190474,1,0.03259857187200331
黛玉,走笔,0.032598571872089414,1,30.676190476190474,1,0.03259857187200331
黛玉,眼空,0.032598571872089414,1,30.676190476190474,1,0.03259857187200331
黛玉,蓄泪,0.032598571872089414,1,30.676190476190474,1,0.03259857187200331
黛玉,泪空,0.032598571872089414,1,30.676190476190474,1,0.03259857187200331
黛玉,抛却,0.032598571872089414,1,30.676190476190474,1,0.03259857187200331
黛玉,进院,0.032598571872089414,1,30.676190476190474,1,0.03259857187200331
黛玉,参差,0.032598571872089414,1,30.676190476190474,1,0.03259857187200331
黛玉,苔痕,0.032598571872089414,1,30.676190476190474,1,0.03259857187200331
黛玉,中所云,0.032598571872089414,1,30.676190476190474,1,0.03259857187200331
黛玉,二句,0.032598571872089414,1,30.676190476190474,1,0.03259857187200331
黛玉,双文,0.032598571872089414,1,30.676190476190474,1,0.03259857187200331
黛玉,诚为,0.032598571872089414,1,30.676190476190474,1,0.03259857187200331
黛玉,母弱弟,0.032598571872089414,1,30.676190476190474,1,0.03259857187200331
黛玉,连孀,0.032598571872089414,1,30.676190476190474,1,0.03259857187200331
黛玉,扣架,0.032598571872089414,1,30.676190476190474,1,0.03259857187200331
黛玉,食水,0.032598571872089414,1,30.676190476190474,1,0.03259857187200331
黛玉,毕药,0.032598571872089414,1,30.676190476190474,1,0.03259857187200331
黛玉,映入,0.032598571872089414,1,30.676190476190474,1,0.03259857187200331
黛玉,纱来,0.032598571872089414,1,30.676190476190474,1,0.03259857187200331
黛玉,阴阴,0.032598571872089414,1,30.676190476190474,1,0.03259857187200331
黛玉,翠润,0.032598571872089414,1,30.676190476190474,1,0.03259857187200331
黛玉,生凉,0.032598571872089414,1,30.676190476190474,1,0.03259857187200331
黛玉,调逗,0.032598571872089414,1,30.676190476190474,1,0.03259857187200331
黛玉,起跑,0.032598571872089414,1,30.676190476190474,1,0.03259857187200331
黛玉,刚欲去,0.032598571872089414,1,30.676190476190474,1,0.03259857187200331
黛玉,挑人回,0.032598571872089414,1,30.676190476190474,1,0.03259857187200331
黛玉,黛玉回,0.032598571872089414,1,30.676190476190474,1,0.03259857187200331
黛玉,白犀,0.032598571872089414,1,30.676190476190474,1,0.03259857187200331
黛玉,献过,0.032598571872089414,1,30.676190476190474,1,0.03259857187200331
黛玉,要杯,0.032598571872089414,1,30.676190476190474,1,0.03259857187200331
黛玉,靠门,0.032598571872089414,1,30.676190476190474,1,0.03259857187200331
黛玉,虚设,0.032598571872089414,1,30.676190476190474,1,0.03259857187200331
黛玉,蒸笼,0.032598571872089414,1,30.676190476190474,1,0.03259857187200331
黛玉,因不大,0.032598571872089414,1,30.676190476190474,1,0.03259857187200331
黛玉,俯在,0.032598571872089414,1,30.676190476190474,1,0.03259857187200331
黛玉,窗槛,0.032598571872089414,1,30.676190476190474,1,0.03259857187200331
黛玉,桂蕊,0.032598571872089414,1,30.676190476190474,1,0.03259857187200331
黛玉,浮上来,0.032598571872089414,1,30.676190476190474,1,0.03259857187200331
黛玉,放量,0.032598571872089414,1,30.676190476190474,1,0.03259857187200331
黛玉,惜春立,0.032598571872089414,1,30.676190476190474,1,0.03259857187200331
黛玉,阴中,0.032598571872089414,1,30.676190476190474,1,0.03259857187200331
黛玉,看鸥鹭,0.032598571872089414,1,30.676190476190474,1,0.03259857187200331
黛玉,阴下,0.032598571872089414,1,30.676190476190474,1,0.03259857187200331
黛玉,花针,0.032598571872089414,1,30.676190476190474,1,0.03259857187200331
黛玉,剥一壳,0.032598571872089414,1,30.676190476190474,1,0.03259857187200331
黛玉,座间,0.032598571872089414,1,30.676190476190474,1,0.03259857187200331
黛玉,乌银,0.032598571872089414,1,30.676190476190474,1,0.03259857187200331
黛玉,冻石,0.032598571872089414,1,30.676190476190474,1,0.03259857187200331
黛玉,合欢花,0.032598571872089414,1,30.676190476190474,1,0.03259857187200331
黛玉,第八个,0.032598571872089414,1,30.676190476190474,1,0.03259857187200331
黛玉,第十一个,0.032598571872089414,1,30.676190476190474,1,0.03259857187200331
黛玉,起笔,0.032598571872089414,1,30.676190476190474,1,0.03259857187200331
黛玉,一挥,0.032598571872089414,1,30.676190476190474,1,0.03259857187200331
黛玉,长戈,0.032598571872089414,1,30.676190476190474,1,0.03259857187200331
黛玉,堆盘,0.032598571872089414,1,30.676190476190474,1,0.03259857187200331
黛玉,先尝,0.032598571872089414,1,30.676190476190474,1,0.03259857187200331
黛玉,封嫩玉,0.032598571872089414,1,30.676190476190474,1,0.03259857187200331
黛玉,双双,0.032598571872089414,1,30.676190476190474,1,0.03259857187200331
黛玉,凸红脂,0.032598571872089414,1,30.676190476190474,1,0.03259857187200331
黛玉,块块,0.032598571872089414,1,30.676190476190474,1,0.03259857187200331
黛玉,多肉,0.032598571872089414,1,30.676190476190474,1,0.03259857187200331
黛玉,八足,0.032598571872089414,1,30.676190476190474,1,0.03259857187200331
黛玉,助情,0.032598571872089414,1,30.676190476190474,1,0.03259857187200331
黛玉,我千觞,0.032598571872089414,1,30.676190476190474,1,0.03259857187200331
黛玉,对斯,0.032598571872089414,1,30.676190476190474,1,0.03259857187200331
黛玉,佳品,0.032598571872089414,1,30.676190476190474,1,0.03259857187200331
黛玉,桂拂,0.032598571872089414,1,30.676190476190474,1,0.03259857187200331
黛玉,清风,0.032598571872089414,1,30.676190476190474,1,0.03259857187200331
黛玉,菊带,0.032598571872089414,1,30.676190476190474,1,0.03259857187200331
黛玉,那象个,0.032598571872089414,1,30.676190476190474,1,0.03259857187200331
黛玉,傍着,0.032598571872089414,1,30.676190476190474,1,0.03259857187200331
黛玉,这差,0.032598571872089414,1,30.676190476190474,1,0.03259857187200331
黛玉,尾来,0.032598571872089414,1,30.676190476190474,1,0.03259857187200331
黛玉,每一榻,0.032598571872089414,1,30.676190476190474,1,0.03259857187200331
黛玉,其式,0.032598571872089414,1,30.676190476190474,1,0.03259857187200331
黛玉,炉瓶,0.032598571872089414,1,30.676190476190474,1,0.03259857187200331
黛玉,空设,0.032598571872089414,1,30.676190476190474,1,0.03259857187200331
黛玉,二榻,0.032598571872089414,1,30.676190476190474,1,0.03259857187200331
黛玉,一椅,0.032598571872089414,1,30.676190476190474,1,0.03259857187200331
黛玉,之几设,0.032598571872089414,1,30.676190476190474,1,0.03259857187200331
黛玉,银洋,0.032598571872089414,1,30.676190476190474,1,0.03259857187200331
黛玉,行一令,0.032598571872089414,1,30.676190476190474,1,0.03259857187200331
黛玉,擎杯,0.032598571872089414,1,30.676190476190474,1,0.03259857187200331
黛玉,已干,0.032598571872089414,1,30.676190476190474,1,0.03259857187200331
黛玉,官窑,0.032598571872089414,1,30.676190476190474,1,0.03259857187200331
黛玉,脱胎,0.032598571872089414,1,30.676190476190474,1,0.03259857187200331
黛玉,填白,0.032598571872089414,1,30.676190476190474,1,0.03259857187200331
黛玉,另泡,0.032598571872089414,1,30.676190476190474,1,0.03259857187200331
黛玉,一耳,0.032598571872089414,1,30.676190476190474,1,0.03259857187200331
黛玉,隶字,0.032598571872089414,1,30.676190476190474,1,0.03259857187200331
黛玉,小真字,0.032598571872089414,1,30.676190476190474,1,0.03259857187200331
黛玉,晋王,0.032598571872089414,1,30.676190476190474,1,0.03259857187200331
黛玉,珍玩,0.032598571872089414,1,30.676190476190474,1,0.03259857187200331
黛玉,宋元丰,0.032598571872089414,1,30.676190476190474,1,0.03259857187200331
黛玉,眉山,0.032598571872089414,1,30.676190476190474,1,0.03259857187200331
黛玉,苏轼,0.032598571872089414,1,30.676190476190474,1,0.03259857187200331
黛玉,见于,0.032598571872089414,1,30.676190476190474,1,0.03259857187200331
黛玉,秘府,0.032598571872089414,1,30.676190476190474,1,0.03259857187200331
黛玉,垂珠,0.032598571872089414,1,30.676190476190474,1,0.03259857187200331
黛玉,点犀,0.032598571872089414,1,30.676190476190474,1,0.03259857187200331
黛玉,绿玉斗来,0.032598571872089414,1,30.676190476190474,1,0.03259857187200331
黛玉,世法,0.032598571872089414,1,30.676190476190474,1,0.03259857187200331
黛玉,赏赞,0.032598571872089414,1,30.676190476190474,1,0.03259857187200331
黛玉,暗伏,0.032598571872089414,1,30.676190476190474,1,0.03259857187200331
黛玉,题跋,0.032598571872089414,1,30.676190476190474,1,0.03259857187200331
黛玉,携蝗,0.032598571872089414,1,30.676190476190474,1,0.03259857187200331
黛玉,背儿,0.032598571872089414,1,30.676190476190474,1,0.03259857187200331
黛玉,放稳,0.032598571872089414,1,30.676190476190474,1,0.03259857187200331
黛玉,全身,0.032598571872089414,1,30.676190476190474,1,0.03259857187200331
黛玉,背子,0.032598571872089414,1,30.676190476190474,1,0.03259857187200331
黛玉,带椅,0.032598571872089414,1,30.676190476190474,1,0.03259857187200331
黛玉,歪倒,0.032598571872089414,1,30.676190476190474,1,0.03259857187200331
黛玉,幸有,0.032598571872089414,1,30.676190476190474,1,0.03259857187200331
黛玉,镜袱,0.032598571872089414,1,30.676190476190474,1,0.03259857187200331
黛玉,略松,0.032598571872089414,1,30.676190476190474,1,0.03259857187200331
黛玉,抿子,0.032598571872089414,1,30.676190476190474,1,0.03259857187200331
黛玉,反招,0.032598571872089414,1,30.676190476190474,1,0.03259857187200331
黛玉,画个,0.032598571872089414,1,30.676190476190474,1,0.03259857187200331
黛玉,水缸,0.032598571872089414,1,30.676190476190474,1,0.03259857187200331
黛玉,宝钗用,0.032598571872089414,1,30.676190476190474,1,0.03259857187200331
黛玉,手拢,0.032598571872089414,1,30.676190476190474,1,0.03259857187200331
黛玉,旧收,0.032598571872089414,1,30.676190476190474,1,0.03259857187200331
黛玉,画具,0.032598571872089414,1,30.676190476190474,1,0.03259857187200331
黛玉,帮忙,0.032598571872089414,1,30.676190476190474,1,0.03259857187200331
黛玉,观画,0.032598571872089414,1,30.676190476190474,1,0.03259857187200331
黛玉,会面,0.032598571872089414,1,30.676190476190474,1,0.03259857187200331
黛玉,夜复,0.032598571872089414,1,30.676190476190474,1,0.03259857187200331
黛玉,处省候,0.032598571872089414,1,30.676190476190474,1,0.03259857187200331
黛玉,承色,0.032598571872089414,1,30.676190476190474,1,0.03259857187200331
黛玉,方寝,0.032598571872089414,1,30.676190476190474,1,0.03259857187200331
黛玉,每岁,0.032598571872089414,1,30.676190476190474,1,0.03259857187200331
黛玉,秋分,0.032598571872089414,1,30.676190476190474,1,0.03259857187200331
黛玉,必犯,0.032598571872089414,1,30.676190476190474,1,0.03259857187200331
黛玉,今秋,0.032598571872089414,1,30.676190476190474,1,0.03259857187200331
黛玉,过劳,0.032598571872089414,1,30.676190476190474,1,0.03259857187200331
黛玉,复嗽,0.032598571872089414,1,30.676190476190474,1,0.03259857187200331
黛玉,盼个,0.032598571872089414,1,30.676190476190474,1,0.03259857187200331
黛玉,排遣,0.032598571872089414,1,30.676190476190474,1,0.03259857187200331
黛玉,娇弱,0.032598571872089414,1,30.676190476190474,1,0.03259857187200331
黛玉,日宝钗,0.032598571872089414,1,30.676190476190474,1,0.03259857187200331
黛玉,稀粥,0.032598571872089414,1,30.676190476190474,1,0.03259857187200331
黛玉,未落,0.032598571872089414,1,30.676190476190474,1,0.03259857187200331
黛玉,时天,0.032598571872089414,1,30.676190476190474,1,0.03259857187200331
黛玉,淅淅沥沥,0.032598571872089414,1,30.676190476190474,1,0.03259857187200331
黛玉,秋霖,0.032598571872089414,1,30.676190476190474,1,0.03259857187200331
黛玉,沉黑,0.032598571872089414,1,30.676190476190474,1,0.03259857187200331
黛玉,雨滴,0.032598571872089414,1,30.676190476190474,1,0.03259857187200331
黛玉,杂稿,0.032598571872089414,1,30.676190476190474,1,0.03259857187200331
黛玉,章句,0.032598571872089414,1,30.676190476190474,1,0.03259857187200331
黛玉,春江花月夜,0.032598571872089414,1,30.676190476190474,1,0.03259857187200331
黛玉,之格,0.032598571872089414,1,30.676190476190474,1,0.03259857187200331
黛玉,乃名,0.032598571872089414,1,30.676190476190474,1,0.03259857187200331
黛玉,秋窗,0.032598571872089414,1,30.676190476190474,1,0.03259857187200331
黛玉,秋花,0.032598571872089414,1,30.676190476190474,1,0.03259857187200331
黛玉,秋草,0.032598571872089414,1,30.676190476190474,1,0.03259857187200331
黛玉,秋灯,0.032598571872089414,1,30.676190476190474,1,0.03259857187200331
黛玉,那堪,0.032598571872089414,1,30.676190476190474,1,0.03259857187200331
黛玉,箬笠,0.032598571872089414,1,30.676190476190474,1,0.03259857187200331
黛玉,红绫短,0.032598571872089414,1,30.676190476190474,1,0.03259857187200331
黛玉,油绿,0.032598571872089414,1,30.676190476190474,1,0.03259857187200331
黛玉,金满,0.032598571872089414,1,30.676190476190474,1,0.03259857187200331
黛玉,袜子,0.032598571872089414,1,30.676190476190474,1,0.03259857187200331
黛玉,花鞋,0.032598571872089414,1,30.676190476190474,1,0.03259857187200331
黛玉,市卖,0.032598571872089414,1,30.676190476190474,1,0.03259857187200331
黛玉,草编,0.032598571872089414,1,30.676190476190474,1,0.03259857187200331
黛玉,未忖,0.032598571872089414,1,30.676190476190474,1,0.03259857187200331
黛玉,便伏,0.032598571872089414,1,30.676190476190474,1,0.03259857187200331
黛玉,因见案,0.032598571872089414,1,30.676190476190474,1,0.03259857187200331
黛玉,绣球,0.032598571872089414,1,30.676190476190474,1,0.03259857187200331
黛玉,命点,0.032598571872089414,1,30.676190476190474,1,0.03259857187200331
黛玉,小蜡来,0.032598571872089414,1,30.676190476190474,1,0.03259857187200331
黛玉,雨里点,0.032598571872089414,1,30.676190476190474,1,0.03259857187200331
黛玉,冒雨,0.032598571872089414,1,30.676190476190474,1,0.03259857187200331
黛玉,下帘,0.032598571872089414,1,30.676190476190474,1,0.03259857187200331
黛玉,玉睡,0.032598571872089414,1,30.676190476190474,1,0.03259857187200331
黛玉,焦叶,0.032598571872089414,1,30.676190476190474,1,0.03259857187200331
黛玉,淅沥,0.032598571872089414,1,30.676190476190474,1,0.03259857187200331
黛玉,透幕,0.032598571872089414,1,30.676190476190474,1,0.03259857187200331
黛玉,第四十六回,0.032598571872089414,1,30.676190476190474,1,0.03259857187200331
黛玉,尴尬事,0.032598571872089414,1,30.676190476190474,1,0.03259857187200331
黛玉,女誓,0.032598571872089414,1,30.676190476190474,1,0.03259857187200331
黛玉,紫娟,0.032598571872089414,1,30.676190476190474,1,0.03259857187200331
黛玉,王右,0.032598571872089414,1,30.676190476190474,1,0.03259857187200331
黛玉,红圈,0.032598571872089414,1,30.676190476190474,1,0.03259857187200331
黛玉,清光,0.032598571872089414,1,30.676190476190474,1,0.03259857187200331
黛玉,皎影,0.032598571872089414,1,30.676190476190474,1,0.03259857187200331
黛玉,常思玩,0.032598571872089414,1,30.676190476190474,1,0.03259857187200331
黛玉,野客,0.032598571872089414,1,30.676190476190474,1,0.03259857187200331
黛玉,添愁,0.032598571872089414,1,30.676190476190474,1,0.03259857187200331
黛玉,楼边,0.032598571872089414,1,30.676190476190474,1,0.03259857187200331
黛玉,悬玉镜,0.032598571872089414,1,30.676190476190474,1,0.03259857187200331
黛玉,外挂,0.032598571872089414,1,30.676190476190474,1,0.03259857187200331
黛玉,冰盘,0.032598571872089414,1,30.676190476190474,1,0.03259857187200331
黛玉,银烛,0.032598571872089414,1,30.676190476190474,1,0.03259857187200331
黛玉,晴彩,0.032598571872089414,1,30.676190476190474,1,0.03259857187200331
黛玉,映画栏,0.032598571872089414,1,30.676190476190474,1,0.03259857187200331
黛玉,诗少,0.032598571872089414,1,30.676190476190474,1,0.03259857187200331
黛玉,缚住,0.032598571872089414,1,30.676190476190474,1,0.03259857187200331
黛玉,会同,0.032598571872089414,1,30.676190476190474,1,0.03259857187200331
黛玉,志学,0.032598571872089414,1,30.676190476190474,1,0.03259857187200331
黛玉,精血,0.032598571872089414,1,30.676190476190474,1,0.03259857187200331
黛玉,诚聚,0.032598571872089414,1,30.676190476190474,1,0.03259857187200331
黛玉,忽于,0.032598571872089414,1,30.676190476190474,1,0.03259857187200331
黛玉,八句,0.032598571872089414,1,30.676190476190474,1,0.03259857187200331
黛玉,便忙录,0.032598571872089414,1,30.676190476190474,1,0.03259857187200331
黛玉,第四十九回,0.032598571872089414,1,30.676190476190474,1,0.03259857187200331
黛玉,白雪红梅,0.032598571872089414,1,30.676190476190474,1,0.03259857187200331
黛玉,香娃,0.032598571872089414,1,30.676190476190474,1,0.03259857187200331
黛玉,割腥,0.032598571872089414,1,30.676190476190474,1,0.03259857187200331
黛玉,这作,0.032598571872089414,1,30.676190476190474,1,0.03259857187200331
黛玉,不遂意,0.032598571872089414,1,30.676190476190474,1,0.03259857187200331
黛玉,家贫,0.032598571872089414,1,30.676190476190474,1,0.03259857187200331
黛玉,喜李,0.032598571872089414,1,30.676190476190474,1,0.03259857187200331
黛玉,敬伏,0.032598571872089414,1,30.676190476190474,1,0.03259857187200331
黛玉,侯史,0.032598571872089414,1,30.676190476190474,1,0.03259857187200331
黛玉,迁委,0.032598571872089414,1,30.676190476190474,1,0.03259857187200331
黛玉,大员,0.032598571872089414,1,30.676190476190474,1,0.03259857187200331
黛玉,中比先,0.032598571872089414,1,30.676190476190474,1,0.03259857187200331
黛玉,十三个,0.032598571872089414,1,30.676190476190474,1,0.03259857187200331
黛玉,六七岁,0.032598571872089414,1,30.676190476190474,1,0.03259857187200331
黛玉,还恼,0.032598571872089414,1,30.676190476190474,1,0.03259857187200331
黛玉,疼宝琴,0.032598571872089414,1,30.676190476190474,1,0.03259857187200331
黛玉,审度,0.032598571872089414,1,30.676190476190474,1,0.03259857187200331
黛玉,那宝琴,0.032598571872089414,1,30.676190476190474,1,0.03259857187200331
黛玉,出类拔萃,0.032598571872089414,1,30.676190476190474,1,0.03259857187200331
黛玉,比旧,0.032598571872089414,1,30.676190476190474,1,0.03259857187200331
黛玉,酸痛,0.032598571872089414,1,30.676190476190474,1,0.03259857187200331
黛玉,请黛玉,0.032598571872089414,1,30.676190476190474,1,0.03259857187200331
黛玉,掐金,0.032598571872089414,1,30.676190476190474,1,0.03259857187200331
黛玉,挖云红香,0.032598571872089414,1,30.676190476190474,1,0.03259857187200331
黛玉,小靴,0.032598571872089414,1,30.676190476190474,1,0.03259857187200331
黛玉,面白,0.032598571872089414,1,30.676190476190474,1,0.03259857187200331
黛玉,闪绿,0.032598571872089414,1,30.676190476190474,1,0.03259857187200331
黛玉,双环,0.032598571872089414,1,30.676190476190474,1,0.03259857187200331
黛玉,四合,0.032598571872089414,1,30.676190476190474,1,0.03259857187200331
黛玉,雪帽,0.032598571872089414,1,30.676190476190474,1,0.03259857187200331
黛玉,踏雪,0.032598571872089414,1,30.676190476190474,1,0.03259857187200331
黛玉,羽毛缎,0.032598571872089414,1,30.676190476190474,1,0.03259857187200331
黛玉,独李,0.032598571872089414,1,30.676190476190474,1,0.03259857187200331
黛玉,青哆罗,0.032598571872089414,1,30.676190476190474,1,0.03259857187200331
黛玉,对襟,0.032598571872089414,1,30.676190476190474,1,0.03259857187200331
黛玉,莲青斗纹,0.032598571872089414,1,30.676190476190474,1,0.03259857187200331
黛玉,洋线,0.032598571872089414,1,30.676190476190474,1,0.03259857187200331
黛玉,避雪之衣,0.032598571872089414,1,30.676190476190474,1,0.03259857187200331
黛玉,挖云,0.032598571872089414,1,30.676190476190474,1,0.03259857187200331
黛玉,片金里,0.032598571872089414,1,30.676190476190474,1,0.03259857187200331
黛玉,风领,0.032598571872089414,1,30.676190476190474,1,0.03259857187200331
黛玉,装出,0.032598571872089414,1,30.676190476190474,1,0.03259857187200331
黛玉,骚达子,0.032598571872089414,1,30.676190476190474,1,0.03259857187200331
黛玉,方联道,0.032598571872089414,1,30.676190476190474,1,0.03259857187200331
黛玉,孤松,0.032598571872089414,1,30.676190476190474,1,0.03259857187200331
黛玉,订久要,0.032598571872089414,1,30.676190476190474,1,0.03259857187200331
黛玉,没帚,0.032598571872089414,1,30.676190476190474,1,0.03259857187200331
黛玉,山僧,0.032598571872089414,1,30.676190476190474,1,0.03259857187200331
黛玉,埋琴,0.032598571872089414,1,30.676190476190474,1,0.03259857187200331
黛玉,无风,0.032598571872089414,1,30.676190476190474,1,0.03259857187200331
黛玉,不雨,0.032598571872089414,1,30.676190476190474,1,0.03259857187200331
黛玉,潇潇,0.032598571872089414,1,30.676190476190474,1,0.03259857187200331
黛玉,穷之时,0.032598571872089414,1,30.676190476190474,1,0.03259857187200331
黛玉,冷得,0.032598571872089414,1,30.676190476190474,1,0.03259857187200331
黛玉,何劳缚,0.032598571872089414,1,30.676190476190474,1,0.03259857187200331
黛玉,紫绳,0.032598571872089414,1,30.676190476190474,1,0.03259857187200331
黛玉,美人拳,0.032598571872089414,1,30.676190476190474,1,0.03259857187200331
黛玉,花瓶,0.032598571872089414,1,30.676190476190474,1,0.03259857187200331
黛玉,小高桌,0.032598571872089414,1,30.676190476190474,1,0.03259857187200331
黛玉,命宝琴,0.032598571872089414,1,30.676190476190474,1,0.03259857187200331
黛玉,每一,0.032598571872089414,1,30.676190476190474,1,0.03259857187200331
黛玉,一果,0.032598571872089414,1,30.676190476190474,1,0.03259857187200331
黛玉,四人席,0.032598571872089414,1,30.676190476190474,1,0.03259857187200331
黛玉,之位,0.032598571872089414,1,30.676190476190474,1,0.03259857187200331
黛玉,再下,0.032598571872089414,1,30.676190476190474,1,0.03259857187200331
黛玉,大梁,0.032598571872089414,1,30.676190476190474,1,0.03259857187200331
黛玉,三聚,0.032598571872089414,1,30.676190476190474,1,0.03259857187200331
黛玉,彩穗灯,0.032598571872089414,1,30.676190476190474,1,0.03259857187200331
黛玉,叶上,0.032598571872089414,1,30.676190476190474,1,0.03259857187200331
黛玉,烛信,0.032598571872089414,1,30.676190476190474,1,0.03259857187200331
黛玉,彩烛,0.032598571872089414,1,30.676190476190474,1,0.03259857187200331
黛玉,活信,0.032598571872089414,1,30.676190476190474,1,0.03259857187200331
黛玉,扭转,0.032598571872089414,1,30.676190476190474,1,0.03259857187200331
黛玉,逼住,0.032598571872089414,1,30.676190476190474,1,0.03259857187200331
黛玉,全向,0.032598571872089414,1,30.676190476190474,1,0.03259857187200331
黛玉,外照,0.032598571872089414,1,30.676190476190474,1,0.03259857187200331
黛玉,窗格,0.032598571872089414,1,30.676190476190474,1,0.03259857187200331
黛玉,挂彩,0.032598571872089414,1,30.676190476190474,1,0.03259857187200331
黛玉,罩棚,0.032598571872089414,1,30.676190476190474,1,0.03259857187200331
黛玉,料丝,0.032598571872089414,1,30.676190476190474,1,0.03259857187200331
黛玉,或画,0.032598571872089414,1,30.676190476190474,1,0.03259857187200331
黛玉,或堆,0.032598571872089414,1,30.676190476190474,1,0.03259857187200331
黛玉,或纸,0.032598571872089414,1,30.676190476190474,1,0.03259857187200331
黛玉,诸灯,0.032598571872089414,1,30.676190476190474,1,0.03259857187200331
黛玉,挂满,0.032598571872089414,1,30.676190476190474,1,0.03259857187200331
黛玉,贾菖等,0.032598571872089414,1,30.676190476190474,1,0.03259857187200331
黛玉,淹缠,0.032598571872089414,1,30.676190476190474,1,0.03259857187200331
黛玉,妒富愧贫,0.032598571872089414,1,30.676190476190474,1,0.03259857187200331
黛玉,憎畏凤姐,0.032598571872089414,1,30.676190476190474,1,0.03259857187200331
黛玉,西向,0.032598571872089414,1,30.676190476190474,1,0.03259857187200331
黛玉,紧依,0.032598571872089414,1,30.676190476190474,1,0.03259857187200331
黛玉,时届,0.032598571872089414,1,30.676190476190474,1,0.03259857187200331
黛玉,孟春,0.032598571872089414,1,30.676190476190474,1,0.03259857187200331
黛玉,相住,0.032598571872089414,1,30.676190476190474,1,0.03259857187200331
黛玉,于午,0.032598571872089414,1,30.676190476190474,1,0.03259857187200331
黛玉,错方,0.032598571872089414,1,30.676190476190474,1,0.03259857187200331
黛玉,之时众,0.032598571872089414,1,30.676190476190474,1,0.03259857187200331
黛玉,这厅,0.032598571872089414,1,30.676190476190474,1,0.03259857187200331
黛玉,辅仁,0.032598571872089414,1,30.676190476190474,1,0.03259857187200331
黛玉,谕德,0.032598571872089414,1,30.676190476190474,1,0.03259857187200331
黛玉,俗呼,0.032598571872089414,1,30.676190476190474,1,0.03259857187200331
黛玉,正方,0.032598571872089414,1,30.676190476190474,1,0.03259857187200331
黛玉,独办,0.032598571872089414,1,30.676190476190474,1,0.03259857187200331
黛玉,多恩,0.032598571872089414,1,30.676190476190474,1,0.03259857187200331
黛玉,无罚,0.032598571872089414,1,30.676190476190474,1,0.03259857187200331
黛玉,未出,0.032598571872089414,1,30.676190476190474,1,0.03259857187200331
黛玉,平和,0.032598571872089414,1,30.676190476190474,1,0.03259857187200331
黛玉,有王,0.032598571872089414,1,30.676190476190474,1,0.03259857187200331
黛玉,十几处,0.032598571872089414,1,30.676190476190474,1,0.03259857187200331
黛玉,系荣宁,0.032598571872089414,1,30.676190476190474,1,0.03259857187200331
黛玉,非亲,0.032598571872089414,1,30.676190476190474,1,0.03259857187200331
黛玉,即友,0.032598571872089414,1,30.676190476190474,1,0.03259857187200331
黛玉,升迁,0.032598571872089414,1,30.676190476190474,1,0.03259857187200331
黛玉,婚丧,0.032598571872089414,1,30.676190476190474,1,0.03259857187200331
黛玉,贺吊,0.032598571872089414,1,30.676190476190474,1,0.03259857187200331
黛玉,袭人定,0.032598571872089414,1,30.676190476190474,1,0.03259857187200331
黛玉,掐着,0.032598571872089414,1,30.676190476190474,1,0.03259857187200331
黛玉,之戏语,0.032598571872089414,1,30.676190476190474,1,0.03259857187200331
黛玉,犹说,0.032598571872089414,1,30.676190476190474,1,0.03259857187200331
黛玉,服下,0.032598571872089414,1,30.676190476190474,1,0.03259857187200331
黛玉,放紫鹃,0.032598571872089414,1,30.676190476190474,1,0.03259857187200331
黛玉,命紫鹃守,0.032598571872089414,1,30.676190476190474,1,0.03259857187200331
黛玉,遣雪雁来,0.032598571872089414,1,30.676190476190474,1,0.03259857187200331
黛玉,暗叹,0.032598571872089414,1,30.676190476190474,1,0.03259857187200331
黛玉,因不疑,0.032598571872089414,1,30.676190476190474,1,0.03259857187200331
黛玉,还遣,0.032598571872089414,1,30.676190476190474,1,0.03259857187200331
黛玉,李奶母,0.032598571872089414,1,30.676190476190474,1,0.03259857187200331
黛玉,必从,0.032598571872089414,1,30.676190476190474,1,0.03259857187200331
黛玉,每一惊时,0.032598571872089414,1,30.676190476190474,1,0.03259857187200331
黛玉,祛邪,0.032598571872089414,1,30.676190476190474,1,0.03259857187200331
黛玉,灵丹,0.032598571872089414,1,30.676190476190474,1,0.03259857187200331
黛玉,开窍,0.032598571872089414,1,30.676190476190474,1,0.03259857187200331
黛玉,通神,0.032598571872089414,1,30.676190476190474,1,0.03259857187200331
黛玉,秘制,0.032598571872089414,1,30.676190476190474,1,0.03259857187200331
黛玉,饮服,0.032598571872089414,1,30.676190476190474,1,0.03259857187200331
黛玉,佯狂,0.032598571872089414,1,30.676190476190474,1,0.03259857187200331
黛玉,紫鹃自,0.032598571872089414,1,30.676190476190474,1,0.03259857187200331
黛玉,怨意,0.032598571872089414,1,30.676190476190474,1,0.03259857187200331
黛玉,心安神,0.032598571872089414,1,30.676190476190474,1,0.03259857187200331
黛玉,不乏,0.032598571872089414,1,30.676190476190474,1,0.03259857187200331
黛玉,直泣,0.032598571872089414,1,30.676190476190474,1,0.03259857187200331
黛玉,祝贺,0.032598571872089414,1,30.676190476190474,1,0.03259857187200331
黛玉,早备,0.032598571872089414,1,30.676190476190474,1,0.03259857187200331
黛玉,至散,0.032598571872089414,1,30.676190476190474,1,0.03259857187200331
黛玉,端雅,0.032598571872089414,1,30.676190476190474,1,0.03259857187200331
黛玉,且家道,0.032598571872089414,1,30.676190476190474,1,0.03259857187200331
黛玉,钗荆裙布,0.032598571872089414,1,30.676190476190474,1,0.03259857187200331
黛玉,薛蟠素,0.032598571872089414,1,30.676190476190474,1,0.03259857187200331
黛玉,浮奢,0.032598571872089414,1,30.676190476190474,1,0.03259857187200331
黛玉,恐遭,0.032598571872089414,1,30.676190476190474,1,0.03259857187200331
黛玉,天生地设,0.032598571872089414,1,30.676190476190474,1,0.03259857187200331
黛玉,因谋之于,0.032598571872089414,1,30.676190476190474,1,0.03259857187200331
黛玉,慢谋,0.032598571872089414,1,30.676190476190474,1,0.03259857187200331
黛玉,蝌岫,0.032598571872089414,1,30.676190476190474,1,0.03259857187200331
黛玉,之遇,0.032598571872089414,1,30.676190476190474,1,0.03259857187200331
黛玉,闲语,0.032598571872089414,1,30.676190476190474,1,0.03259857187200331
黛玉,取戏,0.032598571872089414,1,30.676190476190474,1,0.03259857187200331
黛玉,幸他,0.032598571872089414,1,30.676190476190474,1,0.03259857187200331
黛玉,知书达礼,0.032598571872089414,1,30.676190476190474,1,0.03259857187200331
黛玉,佯羞,0.032598571872089414,1,30.676190476190474,1,0.03259857187200331
黛玉,诈愧,0.032598571872089414,1,30.676190476190474,1,0.03259857187200331
黛玉,酒糟,0.032598571872089414,1,30.676190476190474,1,0.03259857187200331
黛玉,透之人,0.032598571872089414,1,30.676190476190474,1,0.03259857187200331
黛玉,烟为,0.032598571872089414,1,30.676190476190474,1,0.03259857187200331
黛玉,人雅重,0.032598571872089414,1,30.676190476190474,1,0.03259857187200331
黛玉,亏乏,0.032598571872089414,1,30.676190476190474,1,0.03259857187200331
黛玉,每相,0.032598571872089414,1,30.676190476190474,1,0.03259857187200331
黛玉,先取,0.032598571872089414,1,30.676190476190474,1,0.03259857187200331
黛玉,中宝钗,0.032598571872089414,1,30.676190476190474,1,0.03259857187200331
黛玉,方取,0.032598571872089414,1,30.676190476190474,1,0.03259857187200331
黛玉,相呼,0.032598571872089414,1,30.676190476190474,1,0.03259857187200331
黛玉,同走,0.032598571872089414,1,30.676190476190474,1,0.03259857187200331
黛玉,石壁,0.032598571872089414,1,30.676190476190474,1,0.03259857187200331
黛玉,全换,0.032598571872089414,1,30.676190476190474,1,0.03259857187200331
黛玉,便够,0.032598571872089414,1,30.676190476190474,1,0.03259857187200331
黛玉,奇货,0.032598571872089414,1,30.676190476190474,1,0.03259857187200331
黛玉,白教人,0.032598571872089414,1,30.676190476190474,1,0.03259857187200331
黛玉,太会,0.032598571872089414,1,30.676190476190474,1,0.03259857187200331
黛玉,姨妈家,0.032598571872089414,1,30.676190476190474,1,0.03259857187200331
黛玉,第五十八回,0.032598571872089414,1,30.676190476190474,1,0.03259857187200331
黛玉,阴假凤,0.032598571872089414,1,30.676190476190474,1,0.03259857187200331
黛玉,泣虚凰,0.032598571872089414,1,30.676190476190474,1,0.03259857187200331
黛玉,痴理,0.032598571872089414,1,30.676190476190474,1,0.03259857187200331
黛玉,回所表,0.032598571872089414,1,30.676190476190474,1,0.03259857187200331
黛玉,随班,0.032598571872089414,1,30.676190476190474,1,0.03259857187200331
黛玉,按爵,0.032598571872089414,1,30.676190476190474,1,0.03259857187200331
黛玉,守制,0.032598571872089414,1,30.676190476190474,1,0.03259857187200331
黛玉,凡有爵,0.032598571872089414,1,30.676190476190474,1,0.03259857187200331
黛玉,庶民,0.032598571872089414,1,30.676190476190474,1,0.03259857187200331
黛玉,祖孙,0.032598571872089414,1,30.676190476190474,1,0.03259857187200331
黛玉,大内,0.032598571872089414,1,30.676190476190474,1,0.03259857187200331
黛玉,偏宫,0.032598571872089414,1,30.676190476190474,1,0.03259857187200331
黛玉,方请,0.032598571872089414,1,30.676190476190474,1,0.03259857187200331
黛玉,灵入,0.032598571872089414,1,30.676190476190474,1,0.03259857187200331
黛玉,先陵,0.032598571872089414,1,30.676190476190474,1,0.03259857187200331
黛玉,孝慈县,0.032598571872089414,1,30.676190476190474,1,0.03259857187200331
黛玉,这陵离,0.032598571872089414,1,30.676190476190474,1,0.03259857187200331
黛玉,得十来,0.032598571872089414,1,30.676190476190474,1,0.03259857187200331
黛玉,日之功,0.032598571872089414,1,30.676190476190474,1,0.03259857187200331
黛玉,请灵,0.032598571872089414,1,30.676190476190474,1,0.03259857187200331
黛玉,地宫,0.032598571872089414,1,30.676190476190474,1,0.03259857187200331
黛玉,故得,0.032598571872089414,1,30.676190476190474,1,0.03259857187200331
黛玉,便报,0.032598571872089414,1,30.676190476190474,1,0.03259857187200331
黛玉,尤氏产育,0.032598571872089414,1,30.676190476190474,1,0.03259857187200331
黛玉,虽去,0.032598571872089414,1,30.676190476190474,1,0.03259857187200331
黛玉,处有,0.032598571872089414,1,30.676190476190474,1,0.03259857187200331
黛玉,贾环来,0.032598571872089414,1,30.676190476190474,1,0.03259857187200331
黛玉,惜春处,0.032598571872089414,1,30.676190476190474,1,0.03259857187200331
黛玉,狭小,0.032598571872089414,1,30.676190476190474,1,0.03259857187200331
黛玉,注册,0.032598571872089414,1,30.676190476190474,1,0.03259857187200331
黛玉,收明,0.032598571872089414,1,30.676190476190474,1,0.03259857187200331
黛玉,叫来面,0.032598571872089414,1,30.676190476190474,1,0.03259857187200331
黛玉,一多半,0.032598571872089414,1,30.676190476190474,1,0.03259857187200331
黛玉,已亡,0.032598571872089414,1,30.676190476190474,1,0.03259857187200331
黛玉,所卖,0.032598571872089414,1,30.676190476190474,1,0.03259857187200331
黛玉,恋恩不舍,0.032598571872089414,1,30.676190476190474,1,0.03259857187200331
黛玉,所愿,0.032598571872089414,1,30.676190476190474,1,0.03259857187200331
黛玉,人皆令,0.032598571872089414,1,30.676190476190474,1,0.03259857187200331
黛玉,官指,0.032598571872089414,1,30.676190476190474,1,0.03259857187200331
黛玉,小花,0.032598571872089414,1,30.676190476190474,1,0.03259857187200331
黛玉,面豆官,0.032598571872089414,1,30.676190476190474,1,0.03259857187200331
黛玉,老旦,0.032598571872089414,1,30.676190476190474,1,0.03259857187200331
黛玉,茄官,0.032598571872089414,1,30.676190476190474,1,0.03259857187200331
黛玉,各得其所,0.032598571872089414,1,30.676190476190474,1,0.03259857187200331
黛玉,如倦,0.032598571872089414,1,30.676190476190474,1,0.03259857187200331
黛玉,出笼,0.032598571872089414,1,30.676190476190474,1,0.03259857187200331
黛玉,无应,0.032598571872089414,1,30.676190476190474,1,0.03259857187200331
黛玉,时之技,0.032598571872089414,1,30.676190476190474,1,0.03259857187200331
黛玉,本技,0.032598571872089414,1,30.676190476190474,1,0.03259857187200331
黛玉,便学起,0.032598571872089414,1,30.676190476190474,1,0.03259857187200331
黛玉,朝中大,0.032598571872089414,1,30.676190476190474,1,0.03259857187200331
黛玉,早膳,0.032598571872089414,1,30.676190476190474,1,0.03259857187200331
黛玉,朝待,0.032598571872089414,1,30.676190476190474,1,0.03259857187200331
黛玉,中晚,0.032598571872089414,1,30.676190476190474,1,0.03259857187200331
黛玉,正晨妆,0.032598571872089414,1,30.676190476190474,1,0.03259857187200331
黛玉,黛玉忙命,0.032598571872089414,1,30.676190476190474,1,0.03259857187200331
黛玉,紫鹃包,0.032598571872089414,1,30.676190476190474,1,0.03259857187200331
黛玉,劳他,0.032598571872089414,1,30.676190476190474,1,0.03259857187200331
黛玉,同妈,0.032598571872089414,1,30.676190476190474,1,0.03259857187200331
黛玉,洋巾,0.032598571872089414,1,30.676190476190474,1,0.03259857187200331
黛玉,先带,0.032598571872089414,1,30.676190476190474,1,0.03259857187200331
黛玉,儿前,0.032598571872089414,1,30.676190476190474,1,0.03259857187200331
黛玉,忽见蕊,0.032598571872089414,1,30.676190476190474,1,0.03259857187200331
黛玉,中快,0.032598571872089414,1,30.676190476190474,1,0.03259857187200331
黛玉,私下,0.032598571872089414,1,30.676190476190474,1,0.03259857187200331
黛玉,吃面,0.032598571872089414,1,30.676190476190474,1,0.03259857187200331
黛玉,来全,0.032598571872089414,1,30.676190476190474,1,0.03259857187200331
黛玉,黛玉之疾,0.032598571872089414,1,30.676190476190474,1,0.03259857187200331
黛玉,一厅,0.032598571872089414,1,30.676190476190474,1,0.03259857187200331
黛玉,香帛,0.032598571872089414,1,30.676190476190474,1,0.03259857187200331
黛玉,四色,0.032598571872089414,1,30.676190476190474,1,0.03259857187200331
黛玉,寿酒,0.032598571872089414,1,30.676190476190474,1,0.03259857187200331
黛玉,酬送,0.032598571872089414,1,30.676190476190474,1,0.03259857187200331
黛玉,同领,0.032598571872089414,1,30.676190476190474,1,0.03259857187200331
黛玉,嘱薛,0.032598571872089414,1,30.676190476190474,1,0.03259857187200331
黛玉,虚套,0.032598571872089414,1,30.676190476190474,1,0.03259857187200331
黛玉,竟可收,0.032598571872089414,1,30.676190476190474,1,0.03259857187200331
黛玉,榛子,0.032598571872089414,1,30.676190476190474,1,0.03259857187200331
黛玉,万户,0.032598571872089414,1,30.676190476190474,1,0.03259857187200331
黛玉,捣衣,0.032598571872089414,1,30.676190476190474,1,0.03259857187200331
黛玉,乱划,0.032598571872089414,1,30.676190476190474,1,0.03259857187200331
黛玉,请君入瓮,0.032598571872089414,1,30.676190476190474,1,0.03259857187200331
黛玉,原是趣,0.032598571872089414,1,30.676190476190474,1,0.03259857187200331
黛玉,作雅谑,0.032598571872089414,1,30.676190476190474,1,0.03259857187200331
黛玉,乖人,0.032598571872089414,1,30.676190476190474,1,0.03259857187200331
黛玉,短不了,0.032598571872089414,1,30.676190476190474,1,0.03259857187200331
黛玉,寻宝,0.032598571872089414,1,30.676190476190474,1,0.03259857187200331
黛玉,可式,0.032598571872089414,1,30.676190476190474,1,0.03259857187200331
黛玉,离桌,0.032598571872089414,1,30.676190476190474,1,0.03259857187200331
黛玉,说人夜,0.032598571872089414,1,30.676190476190474,1,0.03259857187200331
黛玉,饮博,0.032598571872089414,1,30.676190476190474,1,0.03259857187200331
黛玉,骰过,0.032598571872089414,1,30.676190476190474,1,0.03259857187200331
黛玉,十八点,0.032598571872089414,1,30.676190476190474,1,0.03259857187200331
黛玉,揎拳掳袖,0.032598571872089414,1,30.676190476190474,1,0.03259857187200331
黛玉,石凉,0.032598571872089414,1,30.676190476190474,1,0.03259857187200331
黛玉,黛玉是,0.032598571872089414,1,30.676190476190474,1,0.03259857187200331
黛玉,上家,0.032598571872089414,1,30.676190476190474,1,0.03259857187200331
黛玉,先饮,0.032598571872089414,1,30.676190476190474,1,0.03259857187200331
黛玉,全折,0.032598571872089414,1,30.676190476190474,1,0.03259857187200331
黛玉,便绰起,0.032598571872089414,1,30.676190476190474,1,0.03259857187200331
黛玉,韶华,0.032598571872089414,1,30.676190476190474,1,0.03259857187200331
黛玉,胜极,0.032598571872089414,1,30.676190476190474,1,0.03259857187200331
黛玉,开到,0.032598571872089414,1,30.676190476190474,1,0.03259857187200331
黛玉,花事,0.032598571872089414,1,30.676190476190474,1,0.03259857187200331
黛玉,送春,0.032598571872089414,1,30.676190476190474,1,0.03259857187200331
黛玉,该黛玉,0.032598571872089414,1,30.676190476190474,1,0.03259857187200331
黛玉,二十点,0.032598571872089414,1,30.676190476190474,1,0.03259857187200331
黛玉,武陵,0.032598571872089414,1,30.676190476190474,1,0.03259857187200331
黛玉,别景,0.032598571872089414,1,30.676190476190474,1,0.03259857187200331
黛玉,坐中,0.032598571872089414,1,30.676190476190474,1,0.03259857187200331
黛玉,同辰者,0.032598571872089414,1,30.676190476190474,1,0.03259857187200331
黛玉,同辰,0.032598571872089414,1,30.676190476190474,1,0.03259857187200331
黛玉,犹不信,0.032598571872089414,1,30.676190476190474,1,0.03259857187200331
黛玉,第六十四回,0.032598571872089414,1,30.676190476190474,1,0.03259857187200331
黛玉,悲题,0.032598571872089414,1,30.676190476190474,1,0.03259857187200331
黛玉,浪荡子,0.032598571872089414,1,30.676190476190474,1,0.03259857187200331
黛玉,情遗,0.032598571872089414,1,30.676190476190474,1,0.03259857187200331
黛玉,杠等物,0.032598571872089414,1,30.676190476190474,1,0.03259857187200331
黛玉,丧仪,0.032598571872089414,1,30.676190476190474,1,0.03259857187200331
黛玉,宾客如云,0.032598571872089414,1,30.676190476190474,1,0.03259857187200331
黛玉,自铁槛,0.032598571872089414,1,30.676190476190474,1,0.03259857187200331
黛玉,何止,0.032598571872089414,1,30.676190476190474,1,0.03259857187200331
黛玉,半瓶醋,0.032598571872089414,1,30.676190476190474,1,0.03259857187200331
黛玉,奢易,0.032598571872089414,1,30.676190476190474,1,0.03259857187200331
黛玉,俭戚,0.032598571872089414,1,30.676190476190474,1,0.03259857187200331
黛玉,申时,0.032598571872089414,1,30.676190476190474,1,0.03259857187200331
黛玉,方到,0.032598571872089414,1,30.676190476190474,1,0.03259857187200331
黛玉,供奠,0.032598571872089414,1,30.676190476190474,1,0.03259857187200331
黛玉,散回,0.032598571872089414,1,30.676190476190474,1,0.03259857187200331
黛玉,剩族,0.032598571872089414,1,30.676190476190474,1,0.03259857187200331
黛玉,分理,0.032598571872089414,1,30.676190476190474,1,0.03259857187200331
黛玉,迎宾,0.032598571872089414,1,30.676190476190474,1,0.03259857187200331
黛玉,送客,0.032598571872089414,1,30.676190476190474,1,0.03259857187200331
黛玉,礼法,0.032598571872089414,1,30.676190476190474,1,0.03259857187200331
黛玉,所拘,0.032598571872089414,1,30.676190476190474,1,0.03259857187200331
黛玉,旁籍,0.032598571872089414,1,30.676190476190474,1,0.03259857187200331
黛玉,枕块,0.032598571872089414,1,30.676190476190474,1,0.03259857187200331
黛玉,恨苦,0.032598571872089414,1,30.676190476190474,1,0.03259857187200331
黛玉,小姨子,0.032598571872089414,1,30.676190476190474,1,0.03259857187200331
黛玉,晚人散,0.032598571872089414,1,30.676190476190474,1,0.03259857187200331
黛玉,或遇,0.032598571872089414,1,30.676190476190474,1,0.03259857187200331
黛玉,开坛,0.032598571872089414,1,30.676190476190474,1,0.03259857187200331
黛玉,相帮,0.032598571872089414,1,30.676190476190474,1,0.03259857187200331
黛玉,供毕,0.032598571872089414,1,30.676190476190474,1,0.03259857187200331
黛玉,尚长,0.032598571872089414,1,30.676190476190474,1,0.03259857187200331
黛玉,劳倦,0.032598571872089414,1,30.676190476190474,1,0.03259857187200331
黛玉,灵旁,0.032598571872089414,1,30.676190476190474,1,0.03259857187200331
黛玉,见无客,0.032598571872089414,1,30.676190476190474,1,0.03259857187200331
黛玉,因先,0.032598571872089414,1,30.676190476190474,1,0.03259857187200331
黛玉,下取,0.032598571872089414,1,30.676190476190474,1,0.03259857187200331
黛玉,自内,0.032598571872089414,1,30.676190476190474,1,0.03259857187200331
黛玉,雪雁领,0.032598571872089414,1,30.676190476190474,1,0.03259857187200331
黛玉,问雪雁道,0.032598571872089414,1,30.676190476190474,1,0.03259857187200331
黛玉,炉袅,0.032598571872089414,1,30.676190476190474,1,0.03259857187200331
黛玉,残烟,0.032598571872089414,1,30.676190476190474,1,0.03259857187200331
黛玉,奠余玉,0.032598571872089414,1,30.676190476190474,1,0.03259857187200331
黛玉,宽解,0.032598571872089414,1,30.676190476190474,1,0.03259857187200331
黛玉,过作,0.032598571872089414,1,30.676190476190474,1,0.03259857187200331
黛玉,同生死,0.032598571872089414,1,30.676190476190474,1,0.03259857187200331
黛玉,况兼黛玉心,0.032598571872089414,1,30.676190476190474,1,0.03259857187200331
黛玉,黛玉恼,0.032598571872089414,1,30.676190476190474,1,0.03259857187200331
黛玉,转急,0.032598571872089414,1,30.676190476190474,1,0.03259857187200331
黛玉,原恼,0.032598571872089414,1,30.676190476190474,1,0.03259857187200331
黛玉,无言对泣,0.032598571872089414,1,30.676190476190474,1,0.03259857187200331
黛玉,紫鹃端,0.032598571872089414,1,30.676190476190474,1,0.03259857187200331
黛玉,因未见,0.032598571872089414,1,30.676190476190474,1,0.03259857187200331
黛玉,却望,0.032598571872089414,1,30.676190476190474,1,0.03259857187200331
黛玉,可欣,0.032598571872089414,1,30.676190476190474,1,0.03259857187200331
黛玉,可悲可叹,0.032598571872089414,1,30.676190476190474,1,0.03259857187200331
黛玉,因欲择,0.032598571872089414,1,30.676190476190474,1,0.03259857187200331
黛玉,出数,0.032598571872089414,1,30.676190476190474,1,0.03259857187200331
黛玉,诗以,0.032598571872089414,1,30.676190476190474,1,0.03259857187200331
黛玉,没同,0.032598571872089414,1,30.676190476190474,1,0.03259857187200331
黛玉,写给,0.032598571872089414,1,30.676190476190474,1,0.03259857187200331
黛玉,迎至,0.032598571872089414,1,30.676190476190474,1,0.03259857187200331
黛玉,不爱,0.032598571872089414,1,30.676190476190474,1,0.03259857187200331
黛玉,刺戳,0.032598571872089414,1,30.676190476190474,1,0.03259857187200331
黛玉,神道,0.032598571872089414,1,30.676190476190474,1,0.03259857187200331
黛玉,雪堆,0.032598571872089414,1,30.676190476190474,1,0.03259857187200331
黛玉,来开,0.032598571872089414,1,30.676190476190474,1,0.03259857187200331
黛玉,笺纸,0.032598571872089414,1,30.676190476190474,1,0.03259857187200331
黛玉,花粉,0.032598571872089414,1,30.676190476190474,1,0.03259857187200331
黛玉,虎丘,0.032598571872089414,1,30.676190476190474,1,0.03259857187200331
黛玉,水银,0.032598571872089414,1,30.676190476190474,1,0.03259857187200331
黛玉,小小子,0.032598571872089414,1,30.676190476190474,1,0.03259857187200331
黛玉,泥人儿,0.032598571872089414,1,30.676190476190474,1,0.03259857187200331
黛玉,用青,0.032598571872089414,1,30.676190476190474,1,0.03259857187200331
黛玉,东西连,0.032598571872089414,1,30.676190476190474,1,0.03259857187200331
黛玉,留用,0.032598571872089414,1,30.676190476190474,1,0.03259857187200331
黛玉,配合,0.032598571872089414,1,30.676190476190474,1,0.03259857187200331
黛玉,笔墨纸砚,0.032598571872089414,1,30.676190476190474,1,0.03259857187200331
黛玉,香坠,0.032598571872089414,1,30.676190476190474,1,0.03259857187200331
黛玉,加厚,0.032598571872089414,1,30.676190476190474,1,0.03259857187200331
黛玉,使莺儿,0.032598571872089414,1,30.676190476190474,1,0.03259857187200331
黛玉,再谢,0.032598571872089414,1,30.676190476190474,1,0.03259857187200331
黛玉,谁生,0.032598571872089414,1,30.676190476190474,1,0.03259857187200331
黛玉,因宝,0.032598571872089414,1,30.676190476190474,1,0.03259857187200331
黛玉,很巧,0.032598571872089414,1,30.676190476190474,1,0.03259857187200331
黛玉,两船,0.032598571872089414,1,30.676190476190474,1,0.03259857187200331
黛玉,两三岁,0.032598571872089414,1,30.676190476190474,1,0.03259857187200331
黛玉,摆在面前,0.032598571872089414,1,30.676190476190474,1,0.03259857187200331
黛玉,急下,0.032598571872089414,1,30.676190476190474,1,0.03259857187200331
黛玉,贩卖,0.032598571872089414,1,30.676190476190474,1,0.03259857187200331
黛玉,物离乡贵,0.032598571872089414,1,30.676190476190474,1,0.03259857187200331
黛玉,正对,0.032598571872089414,1,30.676190476190474,1,0.03259857187200331
黛玉,发懒,0.032598571872089414,1,30.676190476190474,1,0.03259857187200331
黛玉,孤苦,0.032598571872089414,1,30.676190476190474,1,0.03259857187200331
黛玉,诗看,0.032598571872089414,1,30.676190476190474,1,0.03259857187200331
黛玉,初春时节,0.032598571872089414,1,30.676190476190474,1,0.03259857187200331
黛玉,社主,0.032598571872089414,1,30.676190476190474,1,0.03259857187200331
黛玉,春光,0.032598571872089414,1,30.676190476190474,1,0.03259857187200331
黛玉,兴动,0.032598571872089414,1,30.676190476190474,1,0.03259857187200331
黛玉,铜胆,0.032598571872089414,1,30.676190476190474,1,0.03259857187200331
黛玉,家终,0.032598571872089414,1,30.676190476190474,1,0.03259857187200331
黛玉,生些,0.032598571872089414,1,30.676190476190474,1,0.03259857187200331
黛玉,恶绝,0.032598571872089414,1,30.676190476190474,1,0.03259857187200331
黛玉,远亲,0.032598571872089414,1,30.676190476190474,1,0.03259857187200331
黛玉,便衣,0.032598571872089414,1,30.676190476190474,1,0.03259857187200331
黛玉,常妆,0.032598571872089414,1,30.676190476190474,1,0.03259857187200331
黛玉,独设,0.032598571872089414,1,30.676190476190474,1,0.03259857187200331
黛玉,一榻,0.032598571872089414,1,30.676190476190474,1,0.03259857187200331
黛玉,矮凳,0.032598571872089414,1,30.676190476190474,1,0.03259857187200331
黛玉,几房,0.032598571872089414,1,30.676190476190474,1,0.03259857187200331
黛玉,来个,0.032598571872089414,1,30.676190476190474,1,0.03259857187200331
黛玉,前同,0.032598571872089414,1,30.676190476190474,1,0.03259857187200331
黛玉,两廊,0.032598571872089414,1,30.676190476190474,1,0.03259857187200331
黛玉,男客,0.032598571872089414,1,30.676190476190474,1,0.03259857187200331
黛玉,都行,0.032598571872089414,1,30.676190476190474,1,0.03259857187200331
黛玉,三顿,0.032598571872089414,1,30.676190476190474,1,0.03259857187200331
黛玉,笼来,0.032598571872089414,1,30.676190476190474,1,0.03259857187200331
黛玉,命人速,0.032598571872089414,1,30.676190476190474,1,0.03259857187200331
黛玉,赌家来,0.032598571872089414,1,30.676190476190474,1,0.03259857187200331
黛玉,出首者,0.032598571872089414,1,30.676190476190474,1,0.03259857187200331
黛玉,不告者,0.032598571872089414,1,30.676190476190474,1,0.03259857187200331
黛玉,动怒,0.032598571872089414,1,30.676190476190474,1,0.03259857187200331
黛玉,大头,0.032598571872089414,1,30.676190476190474,1,0.03259857187200331
黛玉,家三人,0.032598571872089414,1,30.676190476190474,1,0.03259857187200331
黛玉,小头家,0.032598571872089414,1,30.676190476190474,1,0.03259857187200331
黛玉,响头,0.032598571872089414,1,30.676190476190474,1,0.03259857187200331
黛玉,家名,0.032598571872089414,1,30.676190476190474,1,0.03259857187200331
黛玉,两姨亲,0.032598571872089414,1,30.676190476190474,1,0.03259857187200331
黛玉,钱入,0.032598571872089414,1,30.676190476190474,1,0.03259857187200331
黛玉,为首者,0.032598571872089414,1,30.676190476190474,1,0.03259857187200331
黛玉,从者,0.032598571872089414,1,30.676190476190474,1,0.03259857187200331
黛玉,拨入,0.032598571872089414,1,30.676190476190474,1,0.03259857187200331
黛玉,行内,0.032598571872089414,1,30.676190476190474,1,0.03259857187200331
黛玉,原不顽,0.032598571872089414,1,30.676190476190474,1,0.03259857187200331
黛玉,求看,0.032598571872089414,1,30.676190476190474,1,0.03259857187200331
黛玉,人较,0.032598571872089414,1,30.676190476190474,1,0.03259857187200331
黛玉,内一看,0.032598571872089414,1,30.676190476190474,1,0.03259857187200331
黛玉,甚事,0.032598571872089414,1,30.676190476190474,1,0.03259857187200331
黛玉,因黛玉见,0.032598571872089414,1,30.676190476190474,1,0.03259857187200331
黛玉,犹叹,0.032598571872089414,1,30.676190476190474,1,0.03259857187200331
黛玉,俯栏,0.032598571872089414,1,30.676190476190474,1,0.03259857187200331
黛玉,甚重,0.032598571872089414,1,30.676190476190474,1,0.03259857187200331
黛玉,再四遣,0.032598571872089414,1,30.676190476190474,1,0.03259857187200331
黛玉,自苦,0.032598571872089414,1,30.676190476190474,1,0.03259857187200331
黛玉,说亲道热,0.032598571872089414,1,30.676190476190474,1,0.03259857187200331
黛玉,社也散,0.032598571872089414,1,30.676190476190474,1,0.03259857187200331
黛玉,竟联,0.032598571872089414,1,30.676190476190474,1,0.03259857187200331
黛玉,起句,0.032598571872089414,1,30.676190476190474,1,0.03259857187200331
黛玉,一羞,0.032598571872089414,1,30.676190476190474,1,0.03259857187200331
黛玉,乃联道,0.032598571872089414,1,30.676190476190474,1,0.03259857187200331
黛玉,残乐,0.032598571872089414,1,30.676190476190474,1,0.03259857187200331
黛玉,渐闻语,0.032598571872089414,1,30.676190476190474,1,0.03259857187200331
黛玉,笑寂,0.032598571872089414,1,30.676190476190474,1,0.03259857187200331
黛玉,庭烟敛,0.032598571872089414,1,30.676190476190474,1,0.03259857187200331
黛玉,湍泻,0.032598571872089414,1,30.676190476190474,1,0.03259857187200331
黛玉,石髓,0.032598571872089414,1,30.676190476190474,1,0.03259857187200331
黛玉,银蟾,0.032598571872089414,1,30.676190476190474,1,0.03259857187200331
黛玉,药经灵,0.032598571872089414,1,30.676190476190474,1,0.03259857187200331
黛玉,广寒,0.032598571872089414,1,30.676190476190474,1,0.03259857187200331
黛玉,犯斗,0.032598571872089414,1,30.676190476190474,1,0.03259857187200331
黛玉,邀牛女,0.032598571872089414,1,30.676190476190474,1,0.03259857187200331
黛玉,望月,0.032598571872089414,1,30.676190476190474,1,0.03259857187200331
黛玉,帝孙,0.032598571872089414,1,30.676190476190474,1,0.03259857187200331
黛玉,虚盈,0.032598571872089414,1,30.676190476190474,1,0.03259857187200331
黛玉,轮莫定,0.032598571872089414,1,30.676190476190474,1,0.03259857187200331
黛玉,比兴,0.032598571872089414,1,30.676190476190474,1,0.03259857187200331
黛玉,晦朔,0.032598571872089414,1,30.676190476190474,1,0.03259857187200331
黛玉,魄空存,0.032598571872089414,1,30.676190476190474,1,0.03259857187200331
黛玉,漏声,0.032598571872089414,1,30.676190476190474,1,0.03259857187200331
黛玉,联时,0.032598571872089414,1,30.676190476190474,1,0.03259857187200331
黛玉,指池,0.032598571872089414,1,30.676190476190474,1,0.03259857187200331
黛玉,看天,0.032598571872089414,1,30.676190476190474,1,0.03259857187200331
黛玉,见妙玉作,0.032598571872089414,1,30.676190476190474,1,0.03259857187200331
黛玉,带好,0.032598571872089414,1,30.676190476190474,1,0.03259857187200331
黛玉,失眠,0.032598571872089414,1,30.676190476190474,1,0.03259857187200331
黛玉,困头,0.032598571872089414,1,30.676190476190474,1,0.03259857187200331
黛玉,这一改,0.032598571872089414,1,30.676190476190474,1,0.03259857187200331
黛玉,卿何,0.032598571872089414,1,30.676190476190474,1,0.03259857187200331
黛玉,变色,0.032598571872089414,1,30.676190476190474,1,0.03259857187200331
黛玉,乱拟,0.032598571872089414,1,30.676190476190474,1,0.03259857187200331
黛玉,称妙,0.032598571872089414,1,30.676190476190474,1,0.03259857187200331
黛玉,乱改,0.032598571872089414,1,30.676190476190474,1,0.03259857187200331
黛玉,快过,0.032598571872089414,1,30.676190476190474,1,0.03259857187200331
黛玉,求准,0.032598571872089414,1,30.676190476190474,1,0.03259857187200331
黛玉,随伴,0.032598571872089414,1,30.676190476190474,1,0.03259857187200331
黛玉,黛玉之言,0.032598571872089414,1,30.676190476190474,1,0.03259857187200331
黛玉,军官,0.032598571872089414,1,30.676190476190474,1,0.03259857187200331
黛玉,宁荣府,0.032598571872089414,1,30.676190476190474,1,0.03259857187200331
黛玉,魁梧,0.032598571872089414,1,30.676190476190474,1,0.03259857187200331
黛玉,体格健壮,0.032598571872089414,1,30.676190476190474,1,0.03259857187200331
黛玉,弓马,0.032598571872089414,1,30.676190476190474,1,0.03259857187200331
黛玉,娴熟,0.032598571872089414,1,30.676190476190474,1,0.03259857187200331
黛玉,权变,0.032598571872089414,1,30.676190476190474,1,0.03259857187200331
黛玉,饶富,0.032598571872089414,1,30.676190476190474,1,0.03259857187200331
黛玉,题升,0.032598571872089414,1,30.676190476190474,1,0.03259857187200331
黛玉,之孙,0.032598571872089414,1,30.676190476190474,1,0.03259857187200331
黛玉,择为,0.032598571872089414,1,30.676190476190474,1,0.03259857187200331
黛玉,东床娇婿,0.032598571872089414,1,30.676190476190474,1,0.03259857187200331
黛玉,亲父,0.032598571872089414,1,30.676190476190474,1,0.03259857187200331
黛玉,余不多,0.032598571872089414,1,30.676190476190474,1,0.03259857187200331
黛玉,彼祖,0.032598571872089414,1,30.676190476190474,1,0.03259857187200331
黛玉,希慕,0.032598571872089414,1,30.676190476190474,1,0.03259857187200331
黛玉,荣宁之势,0.032598571872089414,1,30.676190476190474,1,0.03259857187200331
黛玉,拜在门下,0.032598571872089414,1,30.676190476190474,1,0.03259857187200331
黛玉,名族,0.032598571872089414,1,30.676190476190474,1,0.03259857187200331
黛玉,劝谏,0.032598571872089414,1,30.676190476190474,1,0.03259857187200331
黛玉,聊以塞责,0.032598571872089414,1,30.676190476190474,1,0.03259857187200331
黛玉,甚急,0.032598571872089414,1,30.676190476190474,1,0.03259857187200331
黛玉,扫去,0.032598571872089414,1,30.676190476190474,1,0.03259857187200331
黛玉,痴痴呆呆,0.032598571872089414,1,30.676190476190474,1,0.03259857187200331
黛玉,作何,0.032598571872089414,1,30.676190476190474,1,0.03259857187200331
黛玉,可泄,0.032598571872089414,1,30.676190476190474,1,0.03259857187200331
黛玉,初结,0.032598571872089414,1,30.676190476190474,1,0.03259857187200331
黛玉,做东道,0.032598571872089414,1,30.676190476190474,1,0.03259857187200331
黛玉,接二,0.032598571872089414,1,30.676190476190474,1,0.03259857187200331
黛玉,这不多,0.032598571872089414,1,30.676190476190474,1,0.03259857187200331
黛玉,大变,0.032598571872089414,1,30.676190476190474,1,0.03259857187200331
黛玉,势欲,0.032598571872089414,1,30.676190476190474,1,0.03259857187200331
黛玉,熏心,0.032598571872089414,1,30.676190476190474,1,0.03259857187200331
黛玉,下站,0.032598571872089414,1,30.676190476190474,1,0.03259857187200331
黛玉,尤二,0.032598571872089414,1,30.676190476190474,1,0.03259857187200331
黛玉,闻袭,0.032598571872089414,1,30.676190476190474,1,0.03259857187200331
黛玉,瓶儿,0.032598571872089414,1,30.676190476190474,1,0.03259857187200331
黛玉,虽恼,0.032598571872089414,1,30.676190476190474,1,0.03259857187200331
黛玉,白道,0.032598571872089414,1,30.676190476190474,1,0.03259857187200331
黛玉,哽哽咽咽,0.032598571872089414,1,30.676190476190474,1,0.03259857187200331
黛玉,惟求,0.032598571872089414,1,30.676190476190474,1,0.03259857187200331
黛玉,可救,0.032598571872089414,1,30.676190476190474,1,0.03259857187200331
黛玉,紧急,0.032598571872089414,1,30.676190476190474,1,0.03259857187200331
黛玉,深痛,0.032598571872089414,1,30.676190476190474,1,0.03259857187200331
黛玉,平时,0.032598571872089414,1,30.676190476190474,1,0.03259857187200331
黛玉,象果,0.032598571872089414,1,30.676190476190474,1,0.03259857187200331
黛玉,悲作,0.032598571872089414,1,30.676190476190474,1,0.03259857187200331
黛玉,一划,0.032598571872089414,1,30.676190476190474,1,0.03259857187200331
黛玉,划开,0.032598571872089414,1,30.676190476190474,1,0.03259857187200331
黛玉,撞破,0.032598571872089414,1,30.676190476190474,1,0.03259857187200331
黛玉,痛定思痛,0.032598571872089414,1,30.676190476190474,1,0.03259857187200331
黛玉,俱乱,0.032598571872089414,1,30.676190476190474,1,0.03259857187200331
黛玉,紫鹃盖,0.032598571872089414,1,30.676190476190474,1,0.03259857187200331
黛玉,呼声,0.032598571872089414,1,30.676190476190474,1,0.03259857187200331
黛玉,鼻息,0.032598571872089414,1,30.676190476190474,1,0.03259857187200331
黛玉,窗缝,0.032598571872089414,1,30.676190476190474,1,0.03259857187200331
黛玉,透进,0.032598571872089414,1,30.676190476190474,1,0.03259857187200331
黛玉,吹得,0.032598571872089414,1,30.676190476190474,1,0.03259857187200331
黛玉,竹枝,0.032598571872089414,1,30.676190476190474,1,0.03259857187200331
黛玉,家雀儿,0.032598571872089414,1,30.676190476190474,1,0.03259857187200331
黛玉,清光来,0.032598571872089414,1,30.676190476190474,1,0.03259857187200331
黛玉,炯炯,0.032598571872089414,1,30.676190476190474,1,0.03259857187200331
黛玉,连紫鹃,0.032598571872089414,1,30.676190476190474,1,0.03259857187200331
黛玉,已亮,0.032598571872089414,1,30.676190476190474,1,0.03259857187200331
黛玉,甜腥,0.032598571872089414,1,30.676190476190474,1,0.03259857187200331
黛玉,早自,0.032598571872089414,1,30.676190476190474,1,0.03259857187200331
黛玉,看紫鹃,0.032598571872089414,1,30.676190476190474,1,0.03259857187200331
黛玉,留得青山在,0.032598571872089414,1,30.676190476190474,1,0.03259857187200331
黛玉,柴烧,0.032598571872089414,1,30.676190476190474,1,0.03259857187200331
黛玉,俱变,0.032598571872089414,1,30.676190476190474,1,0.03259857187200331
黛玉,紫血,0.032598571872089414,1,30.676190476190474,1,0.03259857187200331
黛玉,簌簌,0.032598571872089414,1,30.676190476190474,1,0.03259857187200331
黛玉,紫鹃雪雁脸,0.032598571872089414,1,30.676190476190474,1,0.03259857187200331
黛玉,雪雁才,0.032598571872089414,1,30.676190476190474,1,0.03259857187200331
黛玉,论评,0.032598571872089414,1,30.676190476190474,1,0.03259857187200331
黛玉,惜春所画,0.032598571872089414,1,30.676190476190474,1,0.03259857187200331
黛玉,多一点,0.032598571872089414,1,30.676190476190474,1,0.03259857187200331
黛玉,太疏,0.032598571872089414,1,30.676190476190474,1,0.03259857187200331
黛玉,太密,0.032598571872089414,1,30.676190476190474,1,0.03259857187200331
黛玉,又议,0.032598571872089414,1,30.676190476190474,1,0.03259857187200331
黛玉,匆忙,0.032598571872089414,1,30.676190476190474,1,0.03259857187200331
黛玉,却碍,0.032598571872089414,1,30.676190476190474,1,0.03259857187200331
黛玉,令紫鹃,0.032598571872089414,1,30.676190476190474,1,0.03259857187200331
黛玉,肺火,0.032598571872089414,1,30.676190476190474,1,0.03259857187200331
黛玉,蝎蝎,0.032598571872089414,1,30.676190476190474,1,0.03259857187200331
黛玉,你疑,0.032598571872089414,1,30.676190476190474,1,0.03259857187200331
黛玉,只守,0.032598571872089414,1,30.676190476190474,1,0.03259857187200331
黛玉,紫鹃复,0.032598571872089414,1,30.676190476190474,1,0.03259857187200331
黛玉,扶黛玉,0.032598571872089414,1,30.676190476190474,1,0.03259857187200331
黛玉,边试,0.032598571872089414,1,30.676190476190474,1,0.03259857187200331
黛玉,肩臂,0.032598571872089414,1,30.676190476190474,1,0.03259857187200331
黛玉,两三口,0.032598571872089414,1,30.676190476190474,1,0.03259857187200331
黛玉,儿接,0.032598571872089414,1,30.676190476190474,1,0.03259857187200331
黛玉,命紫鹃,0.032598571872089414,1,30.676190476190474,1,0.03259857187200331
黛玉,太是,0.032598571872089414,1,30.676190476190474,1,0.03259857187200331
黛玉,抓药,0.032598571872089414,1,30.676190476190474,1,0.03259857187200331
黛玉,心重些,0.032598571872089414,1,30.676190476190474,1,0.03259857187200331
黛玉,若能象,0.032598571872089414,1,30.676190476190474,1,0.03259857187200331
黛玉,盒漱盂,0.032598571872089414,1,30.676190476190474,1,0.03259857187200331
黛玉,探口气,0.032598571872089414,1,30.676190476190474,1,0.03259857187200331
黛玉,入话,0.032598571872089414,1,30.676190476190474,1,0.03259857187200331
黛玉,心多,0.032598571872089414,1,30.676190476190474,1,0.03259857187200331
黛玉,无话可说,0.032598571872089414,1,30.676190476190474,1,0.03259857187200331
黛玉,扭过头,0.032598571872089414,1,30.676190476190474,1,0.03259857187200331
黛玉,相敬如宾,0.032598571872089414,1,30.676190476190474,1,0.03259857187200331
黛玉,给事中,0.032598571872089414,1,30.676190476190474,1,0.03259857187200331
黛玉,来来去去,0.032598571872089414,1,30.676190476190474,1,0.03259857187200331
黛玉,车马填门,0.032598571872089414,1,30.676190476190474,1,0.03259857187200331
黛玉,貂蝉满座,0.032598571872089414,1,30.676190476190474,1,0.03259857187200331
黛玉,十足,0.032598571872089414,1,30.676190476190474,1,0.03259857187200331
黛玉,海天,0.032598571872089414,1,30.676190476190474,1,0.03259857187200331
黛玉,已送,0.032598571872089414,1,30.676190476190474,1,0.03259857187200331
黛玉,起行,0.032598571872089414,1,30.676190476190474,1,0.03259857187200331
黛玉,公服,0.032598571872089414,1,30.676190476190474,1,0.03259857187200331
黛玉,桌酒,0.032598571872089414,1,30.676190476190474,1,0.03259857187200331
黛玉,新戏,0.032598571872089414,1,30.676190476190474,1,0.03259857187200331
黛玉,戏屏,0.032598571872089414,1,30.676190476190474,1,0.03259857187200331
黛玉,后厦,0.032598571872089414,1,30.676190476190474,1,0.03259857187200331
黛玉,尚空,0.032598571872089414,1,30.676190476190474,1,0.03259857187200331
黛玉,宛如,0.032598571872089414,1,30.676190476190474,1,0.03259857187200331
黛玉,首座,0.032598571872089414,1,30.676190476190474,1,0.03259857187200331
黛玉,倒用,0.032598571872089414,1,30.676190476190474,1,0.03259857187200331
黛玉,愈发,0.032598571872089414,1,30.676190476190474,1,0.03259857187200331
黛玉,天书,0.032598571872089414,1,30.676190476190474,1,0.03259857187200331
黛玉,第八十七回,0.032598571872089414,1,30.676190476190474,1,0.03259857187200331
黛玉,深秋,0.032598571872089414,1,30.676190476190474,1,0.03259857187200331
黛玉,禅寂,0.032598571872089414,1,30.676190476190474,1,0.03259857187200331
黛玉,走火,0.032598571872089414,1,30.676190476190474,1,0.03259857187200331
黛玉,进宝,0.032598571872089414,1,30.676190476190474,1,0.03259857187200331
黛玉,不偶,0.032598571872089414,1,30.676190476190474,1,0.03259857187200331
黛玉,家运多,0.032598571872089414,1,30.676190476190474,1,0.03259857187200331
黛玉,伶仃,0.032598571872089414,1,30.676190476190474,1,0.03259857187200331
黛玉,衰迈,0.032598571872089414,1,30.676190476190474,1,0.03259857187200331
黛玉,兼之声,0.032598571872089414,1,30.676190476190474,1,0.03259857187200331
黛玉,旦暮,0.032598571872089414,1,30.676190476190474,1,0.03259857187200331
黛玉,惨祸,0.032598571872089414,1,30.676190476190474,1,0.03259857187200331
黛玉,密雨,0.032598571872089414,1,30.676190476190474,1,0.03259857187200331
黛玉,辗侧,0.032598571872089414,1,30.676190476190474,1,0.03259857187200331
黛玉,何堪,0.032598571872089414,1,30.676190476190474,1,0.03259857187200331
黛玉,恻乎,0.032598571872089414,1,30.676190476190474,1,0.03259857187200331
黛玉,问兮,0.032598571872089414,1,30.676190476190474,1,0.03259857187200331
黛玉,高天厚地,0.032598571872089414,1,30.676190476190474,1,0.03259857187200331
黛玉,余之永伤,0.032598571872089414,1,30.676190476190474,1,0.03259857187200331
黛玉,三解,0.032598571872089414,1,30.676190476190474,1,0.03259857187200331
黛玉,耿耿兮,0.032598571872089414,1,30.676190476190474,1,0.03259857187200331
黛玉,横斜,0.032598571872089414,1,30.676190476190474,1,0.03259857187200331
黛玉,玉漏,0.032598571872089414,1,30.676190476190474,1,0.03259857187200331
黛玉,忧心,0.032598571872089414,1,30.676190476190474,1,0.03259857187200331
黛玉,炳炳兮发,0.032598571872089414,1,30.676190476190474,1,0.03259857187200331
黛玉,哀吟,0.032598571872089414,1,30.676190476190474,1,0.03259857187200331
黛玉,吟复吟,0.032598571872089414,1,30.676190476190474,1,0.03259857187200331
黛玉,四解,0.032598571872089414,1,30.676190476190474,1,0.03259857187200331
黛玉,单寄,0.032598571872089414,1,30.676190476190474,1,0.03259857187200331
黛玉,惺惺惜惺惺,0.032598571872089414,1,30.676190476190474,1,0.03259857187200331
黛玉,尊嫂,0.032598571872089414,1,30.676190476190474,1,0.03259857187200331
黛玉,透过,0.032598571872089414,1,30.676190476190474,1,0.03259857187200331
黛玉,林鸟,0.032598571872089414,1,30.676190476190474,1,0.03259857187200331
黛玉,归山,0.032598571872089414,1,30.676190476190474,1,0.03259857187200331
黛玉,夕阳,0.032598571872089414,1,30.676190476190474,1,0.03259857187200331
黛玉,西坠,0.032598571872089414,1,30.676190476190474,1,0.03259857187200331
黛玉,春花秋月,0.032598571872089414,1,30.676190476190474,1,0.03259857187200331
黛玉,水秀山明,0.032598571872089414,1,30.676190476190474,1,0.03259857187200331
黛玉,二十四,0.032598571872089414,1,30.676190476190474,1,0.03259857187200331
黛玉,画舫,0.032598571872089414,1,30.676190476190474,1,0.03259857187200331
黛玉,红杏青帘,0.032598571872089414,1,30.676190476190474,1,0.03259857187200331
黛玉,惟我独尊,0.032598571872089414,1,30.676190476190474,1,0.03259857187200331
黛玉,孤凄,0.032598571872089414,1,30.676190476190474,1,0.03259857187200331
黛玉,李后主,0.032598571872089414,1,30.676190476190474,1,0.03259857187200331
黛玉,日中,0.032598571872089414,1,30.676190476190474,1,0.03259857187200331
黛玉,触着,0.032598571872089414,1,30.676190476190474,1,0.03259857187200331
黛玉,火肉,0.032598571872089414,1,30.676190476190474,1,0.03259857187200331
黛玉,白菜汤,0.032598571872089414,1,30.676190476190474,1,0.03259857187200331
黛玉,虾米,0.032598571872089414,1,30.676190476190474,1,0.03259857187200331
黛玉,青笋,0.032598571872089414,1,30.676190476190474,1,0.03259857187200331
黛玉,紫菜,0.032598571872089414,1,30.676190476190474,1,0.03259857187200331
黛玉,南来,0.032598571872089414,1,30.676190476190474,1,0.03259857187200331
黛玉,大头菜,0.032598571872089414,1,30.676190476190474,1,0.03259857187200331
黛玉,拌些,0.032598571872089414,1,30.676190476190474,1,0.03259857187200331
黛玉,麻油,0.032598571872089414,1,30.676190476190474,1,0.03259857187200331
黛玉,盛上,0.032598571872089414,1,30.676190476190474,1,0.03259857187200331
黛玉,羹匙,0.032598571872089414,1,30.676190476190474,1,0.03259857187200331
黛玉,拭净,0.032598571872089414,1,30.676190476190474,1,0.03259857187200331
黛玉,端下去,0.032598571872089414,1,30.676190476190474,1,0.03259857187200331
黛玉,常放,0.032598571872089414,1,30.676190476190474,1,0.03259857187200331
黛玉,黛玉添,0.032598571872089414,1,30.676190476190474,1,0.03259857187200331
黛玉,风自,0.032598571872089414,1,30.676190476190474,1,0.03259857187200331
黛玉,直透到,0.032598571872089414,1,30.676190476190474,1,0.03259857187200331
黛玉,铁马,0.032598571872089414,1,30.676190476190474,1,0.03259857187200331
黛玉,叮叮当当,0.032598571872089414,1,30.676190476190474,1,0.03259857187200331
黛玉,敲起来,0.032598571872089414,1,30.676190476190474,1,0.03259857187200331
黛玉,雪雁先,0.032598571872089414,1,30.676190476190474,1,0.03259857187200331
黛玉,抱来,0.032598571872089414,1,30.676190476190474,1,0.03259857187200331
黛玉,扇袋,0.032598571872089414,1,30.676190476190474,1,0.03259857187200331
黛玉,晾衣服,0.032598571872089414,1,30.676190476190474,1,0.03259857187200331
黛玉,这黛玉,0.032598571872089414,1,30.676190476190474,1,0.03259857187200331
黛玉,说穿,0.032598571872089414,1,30.676190476190474,1,0.03259857187200331
黛玉,两方,0.032598571872089414,1,30.676190476190474,1,0.03259857187200331
黛玉,簌簌泪下,0.032598571872089414,1,30.676190476190474,1,0.03259857187200331
黛玉,呆立,0.032598571872089414,1,30.676190476190474,1,0.03259857187200331
黛玉,剪破,0.032598571872089414,1,30.676190476190474,1,0.03259857187200331
黛玉,旧帕,0.032598571872089414,1,30.676190476190474,1,0.03259857187200331
黛玉,失意人,0.032598571872089414,1,30.676190476190474,1,0.03259857187200331
黛玉,失意,0.032598571872089414,1,30.676190476190474,1,0.03259857187200331
黛玉,新啼,0.032598571872089414,1,30.676190476190474,1,0.03259857187200331
黛玉,痕间,0.032598571872089414,1,30.676190476190474,1,0.03259857187200331
黛玉,旧啼痕,0.032598571872089414,1,30.676190476190474,1,0.03259857187200331
黛玉,料道,0.032598571872089414,1,30.676190476190474,1,0.03259857187200331
黛玉,抬斯敬,0.032598571872089414,1,30.676190476190474,1,0.03259857187200331
黛玉,白遭,0.032598571872089414,1,30.676190476190474,1,0.03259857187200331
黛玉,原给,0.032598571872089414,1,30.676190476190474,1,0.03259857187200331
黛玉,黛玉初,0.032598571872089414,1,30.676190476190474,1,0.03259857187200331
黛玉,连绵,0.032598571872089414,1,30.676190476190474,1,0.03259857187200331
黛玉,事述,0.032598571872089414,1,30.676190476190474,1,0.03259857187200331
黛玉,绣花,0.032598571872089414,1,30.676190476190474,1,0.03259857187200331
黛玉,云髻,0.032598571872089414,1,30.676190476190474,1,0.03259857187200331
黛玉,簪上,0.032598571872089414,1,30.676190476190474,1,0.03259857187200331
黛玉,匾簪,0.032598571872089414,1,30.676190476190474,1,0.03259857187200331
黛玉,妃色,0.032598571872089414,1,30.676190476190474,1,0.03259857187200331
黛玉,亭亭,0.032598571872089414,1,30.676190476190474,1,0.03259857187200331
黛玉,玉树临风,0.032598571872089414,1,30.676190476190474,1,0.03259857187200331
黛玉,香莲,0.032598571872089414,1,30.676190476190474,1,0.03259857187200331
黛玉,象有,0.032598571872089414,1,30.676190476190474,1,0.03259857187200331
黛玉,冲口而出,0.032598571872089414,1,30.676190476190474,1,0.03259857187200331
黛玉,设疑,0.032598571872089414,1,30.676190476190474,1,0.03259857187200331
黛玉,问水,0.032598571872089414,1,30.676190476190474,1,0.03259857187200331
黛玉,撩下,0.032598571872089414,1,30.676190476190474,1,0.03259857187200331
黛玉,竟应,0.032598571872089414,1,30.676190476190474,1,0.03259857187200331
黛玉,千愁万恨,0.032598571872089414,1,30.676190476190474,1,0.03259857187200331
黛玉,身登,0.032598571872089414,1,30.676190476190474,1,0.03259857187200331
黛玉,不盖,0.032598571872089414,1,30.676190476190474,1,0.03259857187200331
黛玉,雪雁来,0.032598571872089414,1,30.676190476190474,1,0.03259857187200331
黛玉,脚后,0.032598571872089414,1,30.676190476190474,1,0.03259857187200331
黛玉,单待,0.032598571872089414,1,30.676190476190474,1,0.03259857187200331
黛玉,已起,0.032598571872089414,1,30.676190476190474,1,0.03259857187200331
黛玉,醒得,0.032598571872089414,1,30.676190476190474,1,0.03259857187200331
黛玉,太早,0.032598571872089414,1,30.676190476190474,1,0.03259857187200331
黛玉,太劳神,0.032598571872089414,1,30.676190476190474,1,0.03259857187200331
黛玉,那泪,0.032598571872089414,1,30.676190476190474,1,0.03259857187200331
黛玉,渐减,0.032598571872089414,1,30.676190476190474,1,0.03259857187200331
黛玉,下学时,0.032598571872089414,1,30.676190476190474,1,0.03259857187200331
黛玉,已大,0.032598571872089414,1,30.676190476190474,1,0.03259857187200331
黛玉,满腔,0.032598571872089414,1,30.676190476190474,1,0.03259857187200331
黛玉,实言,0.032598571872089414,1,30.676190476190474,1,0.03259857187200331
黛玉,恐黛玉生,0.032598571872089414,1,30.676190476190474,1,0.03259857187200331
黛玉,浮言,0.032598571872089414,1,30.676190476190474,1,0.03259857187200331
黛玉,亲极,0.032598571872089414,1,30.676190476190474,1,0.03259857187200331
黛玉,反疏,0.032598571872089414,1,30.676190476190474,1,0.03259857187200331
黛玉,怜恤,0.032598571872089414,1,30.676190476190474,1,0.03259857187200331
黛玉,黛玉常病,0.032598571872089414,1,30.676190476190474,1,0.03259857187200331
黛玉,肠胃,0.032598571872089414,1,30.676190476190474,1,0.03259857187200331
黛玉,日薄,0.032598571872089414,1,30.676190476190474,1,0.03259857187200331
黛玉,起疑心,0.032598571872089414,1,30.676190476190474,1,0.03259857187200331
黛玉,蛇影,0.032598571872089414,1,30.676190476190474,1,0.03259857187200331
黛玉,垂毙,0.032598571872089414,1,30.676190476190474,1,0.03259857187200331
黛玉,殆尽,0.032598571872089414,1,30.676190476190474,1,0.03259857187200331
黛玉,第九十回,0.032598571872089414,1,30.676190476190474,1,0.03259857187200331
黛玉,失绵衣,0.032598571872089414,1,30.676190476190474,1,0.03259857187200331
黛玉,贫女,0.032598571872089414,1,30.676190476190474,1,0.03259857187200331
黛玉,耐嗷,0.032598571872089414,1,30.676190476190474,1,0.03259857187200331
黛玉,小郎,0.032598571872089414,1,30.676190476190474,1,0.03259857187200331
黛玉,叵测,0.032598571872089414,1,30.676190476190474,1,0.03259857187200331
黛玉,意自,0.032598571872089414,1,30.676190476190474,1,0.03259857187200331
黛玉,不支,0.032598571872089414,1,30.676190476190474,1,0.03259857187200331
黛玉,雪雁知,0.032598571872089414,1,30.676190476190474,1,0.03259857187200331
黛玉,残喘,0.032598571872089414,1,30.676190476190474,1,0.03259857187200331
黛玉,微延,0.032598571872089414,1,30.676190476190474,1,0.03259857187200331
黛玉,前站,0.032598571872089414,1,30.676190476190474,1,0.03259857187200331
黛玉,喝口水,0.032598571872089414,1,30.676190476190474,1,0.03259857187200331
黛玉,紫鹃接,0.032598571872089414,1,30.676190476190474,1,0.03259857187200331
黛玉,抬得,0.032598571872089414,1,30.676190476190474,1,0.03259857187200331
黛玉,水试,0.032598571872089414,1,30.676190476190474,1,0.03259857187200331
黛玉,冷热,0.032598571872089414,1,30.676190476190474,1,0.03259857187200331
黛玉,嫌烦,0.032598571872089414,1,30.676190476190474,1,0.03259857187200331
黛玉,因实,0.032598571872089414,1,30.676190476190474,1,0.03259857187200331
黛玉,议而,0.032598571872089414,1,30.676190476190474,1,0.03259857187200331
黛玉,阴极,0.032598571872089414,1,30.676190476190474,1,0.03259857187200331
黛玉,阳生,0.032598571872089414,1,30.676190476190474,1,0.03259857187200331
黛玉,已破,0.032598571872089414,1,30.676190476190474,1,0.03259857187200331
黛玉,一两句,0.032598571872089414,1,30.676190476190474,1,0.03259857187200331
黛玉,私下里,0.032598571872089414,1,30.676190476190474,1,0.03259857187200331
黛玉,缩身,0.032598571872089414,1,30.676190476190474,1,0.03259857187200331
黛玉,出书,0.032598571872089414,1,30.676190476190474,1,0.03259857187200331
黛玉,三宝,0.032598571872089414,1,30.676190476190474,1,0.03259857187200331
黛玉,飞向,0.032598571872089414,1,30.676190476190474,1,0.03259857187200331
黛玉,主何,0.032598571872089414,1,30.676190476190474,1,0.03259857187200331
黛玉,外忙,0.032598571872089414,1,30.676190476190474,1,0.03259857187200331
黛玉,第九十二回,0.032598571872089414,1,30.676190476190474,1,0.03259857187200331
黛玉,评女,0.032598571872089414,1,30.676190476190474,1,0.03259857187200331
黛玉,传巧姐,0.032598571872089414,1,30.676190476190474,1,0.03259857187200331
黛玉,慕贤良,0.032598571872089414,1,30.676190476190474,1,0.03259857187200331
黛玉,母珠贾,0.032598571872089414,1,30.676190476190474,1,0.03259857187200331
黛玉,政参,0.032598571872089414,1,30.676190476190474,1,0.03259857187200331
黛玉,聚散,0.032598571872089414,1,30.676190476190474,1,0.03259857187200331
黛玉,从潇湘,0.032598571872089414,1,30.676190476190474,1,0.03259857187200331
黛玉,紫鹃本,0.032598571872089414,1,30.676190476190474,1,0.03259857187200331
黛玉,顺嘴,0.032598571872089414,1,30.676190476190474,1,0.03259857187200331
黛玉,叫雪雁去,0.032598571872089414,1,30.676190476190474,1,0.03259857187200331
黛玉,自照,0.032598571872089414,1,30.676190476190474,1,0.03259857187200331
黛玉,照镜子,0.032598571872089414,1,30.676190476190474,1,0.03259857187200331
黛玉,一掠,0.032598571872089414,1,30.676190476190474,1,0.03259857187200331
黛玉,常卧,0.032598571872089414,1,30.676190476190474,1,0.03259857187200331
黛玉,退后,0.032598571872089414,1,30.676190476190474,1,0.03259857187200331
黛玉,因病未来,0.032598571872089414,1,30.676190476190474,1,0.03259857187200331
黛玉,节气,0.032598571872089414,1,30.676190476190474,1,0.03259857187200331
黛玉,小阳春,0.032598571872089414,1,30.676190476190474,1,0.03259857187200331
黛玉,这花开,0.032598571872089414,1,30.676190476190474,1,0.03259857187200331
黛玉,荆树,0.032598571872089414,1,30.676190476190474,1,0.03259857187200331
黛玉,那棵树,0.032598571872089414,1,30.676190476190474,1,0.03259857187200331
黛玉,总不忘,0.032598571872089414,1,30.676190476190474,1,0.03259857187200331
黛玉,烟速,0.032598571872089414,1,30.676190476190474,1,0.03259857187200331
黛玉,起书来,0.032598571872089414,1,30.676190476190474,1,0.03259857187200331
黛玉,身倦,0.032598571872089414,1,30.676190476190474,1,0.03259857187200331
黛玉,玉原,0.032598571872089414,1,30.676190476190474,1,0.03259857187200331
黛玉,非比寻常,0.032598571872089414,1,30.676190476190474,1,0.03259857187200331
黛玉,这花主,0.032598571872089414,1,30.676190476190474,1,0.03259857187200331
黛玉,失了,0.032598571872089414,1,30.676190476190474,1,0.03259857187200331
黛玉,男女有别,0.032598571872089414,1,30.676190476190474,1,0.03259857187200331
黛玉,一两次,0.032598571872089414,1,30.676190476190474,1,0.03259857187200331
黛玉,知失玉,0.032598571872089414,1,30.676190476190474,1,0.03259857187200331
黛玉,浓眉大眼,0.032598571872089414,1,30.676190476190474,1,0.03259857187200331
黛玉,黛玉未,0.032598571872089414,1,30.676190476190474,1,0.03259857187200331
黛玉,疑府,0.032598571872089414,1,30.676190476190474,1,0.03259857187200331
黛玉,疾雷,0.032598571872089414,1,30.676190476190474,1,0.03259857187200331
黛玉,略定,0.032598571872089414,1,30.676190476190474,1,0.03259857187200331
黛玉,移身,0.032598571872089414,1,30.676190476190474,1,0.03259857187200331
黛玉,千百斤,0.032598571872089414,1,30.676190476190474,1,0.03259857187200331
黛玉,迷迷,0.032598571872089414,1,30.676190476190474,1,0.03259857187200331
黛玉,两箭地,0.032598571872089414,1,30.676190476190474,1,0.03259857187200331
黛玉,紫鹃取,0.032598571872089414,1,30.676190476190474,1,0.03259857187200331
黛玉,恍恍荡荡,0.032598571872089414,1,30.676190476190474,1,0.03259857187200331
黛玉,东转,0.032598571872089414,1,30.676190476190474,1,0.03259857187200331
黛玉,西转,0.032598571872089414,1,30.676190476190474,1,0.03259857187200331
黛玉,微觉,0.032598571872089414,1,30.676190476190474,1,0.03259857187200331
黛玉,明晰,0.032598571872089414,1,30.676190476190474,1,0.03259857187200331
黛玉,脱滑,0.032598571872089414,1,30.676190476190474,1,0.03259857187200331
黛玉,改色,0.032598571872089414,1,30.676190476190474,1,0.03259857187200331
黛玉,来岔,0.032598571872089414,1,30.676190476190474,1,0.03259857187200331
黛玉,不减,0.032598571872089414,1,30.676190476190474,1,0.03259857187200331
黛玉,催道,0.032598571872089414,1,30.676190476190474,1,0.03259857187200331
黛玉,血直,0.032598571872089414,1,30.676190476190474,1,0.03259857187200331
黛玉,第九十七回,0.032598571872089414,1,30.676190476190474,1,0.03259857187200331
黛玉,焚稿,0.032598571872089414,1,30.676190476190474,1,0.03259857187200331
黛玉,出闺成,0.032598571872089414,1,30.676190476190474,1,0.03259857187200331
黛玉,动了心,0.032598571872089414,1,30.676190476190474,1,0.03259857187200331
黛玉,出血,0.032598571872089414,1,30.676190476190474,1,0.03259857187200331
黛玉,晕倒,0.032598571872089414,1,30.676190476190474,1,0.03259857187200331
黛玉,紫鹃雪雁守,0.032598571872089414,1,30.676190476190474,1,0.03259857187200331
黛玉,苏醒过来,0.032598571872089414,1,30.676190476190474,1,0.03259857187200331
黛玉,问紫鹃道,0.032598571872089414,1,30.676190476190474,1,0.03259857187200331
黛玉,闭上,0.032598571872089414,1,30.676190476190474,1,0.03259857187200331
黛玉,大乐,0.032598571872089414,1,30.676190476190474,1,0.03259857187200331
黛玉,那过,0.032598571872089414,1,30.676190476190474,1,0.03259857187200331
黛玉,提名,0.032598571872089414,1,30.676190476190474,1,0.03259857187200331
黛玉,说姓,0.032598571872089414,1,30.676190476190474,1,0.03259857187200331
黛玉,瞎话,0.032598571872089414,1,30.676190476190474,1,0.03259857187200331
黛玉,一息奄奄,0.032598571872089414,1,30.676190476190474,1,0.03259857187200331
黛玉,三四趟,0.032598571872089414,1,30.676190476190474,1,0.03259857187200331
黛玉,测度,0.032598571872089414,1,30.676190476190474,1,0.03259857187200331
黛玉,疼黛玉,0.032598571872089414,1,30.676190476190474,1,0.03259857187200331
黛玉,心差,0.032598571872089414,1,30.676190476190474,1,0.03259857187200331
黛玉,不常去,0.032598571872089414,1,30.676190476190474,1,0.03259857187200331
黛玉,闭上眼,0.032598571872089414,1,30.676190476190474,1,0.03259857187200331
黛玉,同雪雁,0.032598571872089414,1,30.676190476190474,1,0.03259857187200331
黛玉,坐得,0.032598571872089414,1,30.676190476190474,1,0.03259857187200331
黛玉,下身,0.032598571872089414,1,30.676190476190474,1,0.03259857187200331
黛玉,过雪雁来,0.032598571872089414,1,30.676190476190474,1,0.03259857187200331
黛玉,雪雁料,0.032598571872089414,1,30.676190476190474,1,0.03259857187200331
黛玉,所理,0.032598571872089414,1,30.676190476190474,1,0.03259857187200331
黛玉,黛玉气,0.032598571872089414,1,30.676190476190474,1,0.03259857187200331
黛玉,紫鹃用,0.032598571872089414,1,30.676190476190474,1,0.03259857187200331
黛玉,紫鹃料,0.032598571872089414,1,30.676190476190474,1,0.03259857187200331
黛玉,绫绢,0.032598571872089414,1,30.676190476190474,1,0.03259857187200331
黛玉,有字,0.032598571872089414,1,30.676190476190474,1,0.03259857187200331
黛玉,打颤,0.032598571872089414,1,30.676190476190474,1,0.03259857187200331
黛玉,撕得,0.032598571872089414,1,30.676190476190474,1,0.03259857187200331
黛玉,袖里,0.032598571872089414,1,30.676190476190474,1,0.03259857187200331
黛玉,端上来,0.032598571872089414,1,30.676190476190474,1,0.03259857187200331
黛玉,欠起,0.032598571872089414,1,30.676190476190474,1,0.03259857187200331
黛玉,紫鹃怕,0.032598571872089414,1,30.676190476190474,1,0.03259857187200331
黛玉,抢时,0.032598571872089414,1,30.676190476190474,1,0.03259857187200331
黛玉,少待,0.032598571872089414,1,30.676190476190474,1,0.03259857187200331
黛玉,烧手,0.032598571872089414,1,30.676190476190474,1,0.03259857187200331
黛玉,火里,0.032598571872089414,1,30.676190476190474,1,0.03259857187200331
黛玉,无几,0.032598571872089414,1,30.676190476190474,1,0.03259857187200331
黛玉,眼一闭,0.032598571872089414,1,30.676190476190474,1,0.03259857187200331
黛玉,觉黛玉,0.032598571872089414,1,30.676190476190474,1,0.03259857187200331
黛玉,缓过,0.032598571872089414,1,30.676190476190474,1,0.03259857187200331
黛玉,将雪雁,0.032598571872089414,1,30.676190476190474,1,0.03259857187200331
黛玉,紫鹃因,0.032598571872089414,1,30.676190476190474,1,0.03259857187200331
黛玉,越悲,0.032598571872089414,1,30.676190476190474,1,0.03259857187200331
黛玉,激起,0.032598571872089414,1,30.676190476190474,1,0.03259857187200331
黛玉,红赤,0.032598571872089414,1,30.676190476190474,1,0.03259857187200331
黛玉,这紫鹃,0.032598571872089414,1,30.676190476190474,1,0.03259857187200331
黛玉,孀居,0.032598571872089414,1,30.676190476190474,1,0.03259857187200331
黛玉,向系,0.032598571872089414,1,30.676190476190474,1,0.03259857187200331
黛玉,改诗,0.032598571872089414,1,30.676190476190474,1,0.03259857187200331
黛玉,喉中,0.032598571872089414,1,30.676190476190474,1,0.03259857187200331
黛玉,断线,0.032598571872089414,1,30.676190476190474,1,0.03259857187200331
黛玉,眼皮,0.032598571872089414,1,30.676190476190474,1,0.03259857187200331
黛玉,之息,0.032598571872089414,1,30.676190476190474,1,0.03259857187200331
黛玉,已溜到,0.032598571872089414,1,30.676190476190474,1,0.03259857187200331
黛玉,虽因,0.032598571872089414,1,30.676190476190474,1,0.03259857187200331
黛玉,黛玉为,0.032598571872089414,1,30.676190476190474,1,0.03259857187200331
黛玉,畅心,0.032598571872089414,1,30.676190476190474,1,0.03259857187200331
黛玉,满意,0.032598571872089414,1,30.676190476190474,1,0.03259857187200331
黛玉,健旺,0.032598571872089414,1,30.676190476190474,1,0.03259857187200331
黛玉,灵透,0.032598571872089414,1,30.676190476190474,1,0.03259857187200331
黛玉,妙计,0.032598571872089414,1,30.676190476190474,1,0.03259857187200331
黛玉,百发百中,0.032598571872089414,1,30.676190476190474,1,0.03259857187200331
黛玉,即见,0.032598571872089414,1,30.676190476190474,1,0.03259857187200331
黛玉,傻话,0.032598571872089414,1,30.676190476190474,1,0.03259857187200331
黛玉,大相,0.032598571872089414,1,30.676190476190474,1,0.03259857187200331
黛玉,悬绝,0.032598571872089414,1,30.676190476190474,1,0.03259857187200331
黛玉,雪雁看,0.032598571872089414,1,30.676190476190474,1,0.03259857187200331
黛玉,装新,0.032598571872089414,1,30.676190476190474,1,0.03259857187200331
黛玉,雪雁竟,0.032598571872089414,1,30.676190476190474,1,0.03259857187200331
黛玉,赞礼,0.032598571872089414,1,30.676190476190474,1,0.03259857187200331
黛玉,请出,0.032598571872089414,1,30.676190476190474,1,0.03259857187200331
黛玉,登堂,0.032598571872089414,1,30.676190476190474,1,0.03259857187200331
黛玉,防备,0.032598571872089414,1,30.676190476190474,1,0.03259857187200331
黛玉,故请,0.032598571872089414,1,30.676190476190474,1,0.03259857187200331
黛玉,一条心,0.032598571872089414,1,30.676190476190474,1,0.03259857187200331
黛玉,多一会,0.032598571872089414,1,30.676190476190474,1,0.03259857187200331
黛玉,略敛,0.032598571872089414,1,30.676190476190474,1,0.03259857187200331
黛玉,切实,0.032598571872089414,1,30.676190476190474,1,0.03259857187200331
黛玉,娇纵,0.032598571872089414,1,30.676190476190474,1,0.03259857187200331
黛玉,乡试,0.032598571872089414,1,30.676190476190474,1,0.03259857187200331
黛玉,即忙命,0.032598571872089414,1,30.676190476190474,1,0.03259857187200331
黛玉,新妇,0.032598571872089414,1,30.676190476190474,1,0.03259857187200331
黛玉,俱送,0.032598571872089414,1,30.676190476190474,1,0.03259857187200331
黛玉,十里长亭,0.032598571872089414,1,30.676190476190474,1,0.03259857187200331
黛玉,陡发,0.032598571872089414,1,30.676190476190474,1,0.03259857187200331
黛玉,第九十八回,0.032598571872089414,1,30.676190476190474,1,0.03259857187200331
黛玉,苦绛珠,0.032598571872089414,1,30.676190476190474,1,0.03259857187200331
黛玉,病神瑛,0.032598571872089414,1,30.676190476190474,1,0.03259857187200331
黛玉,泪洒,0.032598571872089414,1,30.676190476190474,1,0.03259857187200331
黛玉,头昏脑闷,0.032598571872089414,1,30.676190476190474,1,0.03259857187200331
黛玉,回九之期,0.032598571872089414,1,30.676190476190474,1,0.03259857187200331
黛玉,生变,0.032598571872089414,1,30.676190476190474,1,0.03259857187200331
黛玉,若不回,0.032598571872089414,1,30.676190476190474,1,0.03259857187200331
黛玉,溺于,0.032598571872089414,1,30.676190476190474,1,0.03259857187200331
黛玉,设言以,0.032598571872089414,1,30.676190476190474,1,0.03259857187200331
黛玉,警世,0.032598571872089414,1,30.676190476190474,1,0.03259857187200331
黛玉,上天,0.032598571872089414,1,30.676190476190474,1,0.03259857187200331
黛玉,深怒,0.032598571872089414,1,30.676190476190474,1,0.03259857187200331
黛玉,生禄,0.032598571872089414,1,30.676190476190474,1,0.03259857187200331
黛玉,夭折,0.032598571872089414,1,30.676190476190474,1,0.03259857187200331
黛玉,尚气,0.032598571872089414,1,30.676190476190474,1,0.03259857187200331
黛玉,逞凶,0.032598571872089414,1,30.676190476190474,1,0.03259857187200331
黛玉,陨者,0.032598571872089414,1,30.676190476190474,1,0.03259857187200331
黛玉,特设,0.032598571872089414,1,30.676190476190474,1,0.03259857187200331
黛玉,囚其,0.032598571872089414,1,30.676190476190474,1,0.03259857187200331
黛玉,以偿,0.032598571872089414,1,30.676190476190474,1,0.03259857187200331
黛玉,自陷,0.032598571872089414,1,30.676190476190474,1,0.03259857187200331
黛玉,汝若有,0.032598571872089414,1,30.676190476190474,1,0.03259857187200331
黛玉,修养,0.032598571872089414,1,30.676190476190474,1,0.03259857187200331
黛玉,即以,0.032598571872089414,1,30.676190476190474,1,0.03259857187200331
黛玉,囚禁,0.032598571872089414,1,30.676190476190474,1,0.03259857187200331
黛玉,欲图,0.032598571872089414,1,30.676190476190474,1,0.03259857187200331
黛玉,袖中,0.032598571872089414,1,30.676190476190474,1,0.03259857187200331
黛玉,见案,0.032598571872089414,1,30.676190476190474,1,0.03259857187200331
黛玉,锦锈,0.032598571872089414,1,30.676190476190474,1,0.03259857187200331
黛玉,繁华世界,0.032598571872089414,1,30.676190476190474,1,0.03259857187200331
黛玉,恐添病,0.032598571872089414,1,30.676190476190474,1,0.03259857187200331
黛玉,难治,0.032598571872089414,1,30.676190476190474,1,0.03259857187200331
黛玉,之病实,0.032598571872089414,1,30.676190476190474,1,0.03259857187200331
黛玉,深怪,0.032598571872089414,1,30.676190476190474,1,0.03259857187200331
黛玉,神安郁,0.032598571872089414,1,30.676190476190474,1,0.03259857187200331
黛玉,深怨,0.032598571872089414,1,30.676190476190474,1,0.03259857187200331
黛玉,针砭,0.032598571872089414,1,30.676190476190474,1,0.03259857187200331
黛玉,选定,0.032598571872089414,1,30.676190476190474,1,0.03259857187200331
黛玉,早夭,0.032598571872089414,1,30.676190476190474,1,0.03259857187200331
黛玉,之礼后,0.032598571872089414,1,30.676190476190474,1,0.03259857187200331
黛玉,每以,0.032598571872089414,1,30.676190476190474,1,0.03259857187200331
黛玉,不顺遂,0.032598571872089414,1,30.676190476190474,1,0.03259857187200331
黛玉,略移,0.032598571872089414,1,30.676190476190474,1,0.03259857187200331
黛玉,微气,0.032598571872089414,1,30.676190476190474,1,0.03259857187200331
黛玉,刚擦,0.032598571872089414,1,30.676190476190474,1,0.03259857187200331
黛玉,直声,0.032598571872089414,1,30.676190476190474,1,0.03259857187200331
黛玉,那汗,0.032598571872089414,1,30.676190476190474,1,0.03259857187200331
黛玉,愈出,0.032598571872089414,1,30.676190476190474,1,0.03259857187200331
黛玉,随风,0.032598571872089414,1,30.676190476190474,1,0.03259857187200331
黛玉,馆离,0.032598571872089414,1,30.676190476190474,1,0.03259857187200331
黛玉,风动,0.032598571872089414,1,30.676190476190474,1,0.03259857187200331
黛玉,移墙,0.032598571872089414,1,30.676190476190474,1,0.03259857187200331
黛玉,交加,0.032598571872089414,1,30.676190476190474,1,0.03259857187200331
黛玉,千回万转,0.032598571872089414,1,30.676190476190474,1,0.03259857187200331
黛玉,回九才,0.032598571872089414,1,30.676190476190474,1,0.03259857187200331
黛玉,亲去,0.032598571872089414,1,30.676190476190474,1,0.03259857187200331
黛玉,除根,0.032598571872089414,1,30.676190476190474,1,0.03259857187200331
黛玉,开散,0.032598571872089414,1,30.676190476190474,1,0.03259857187200331
黛玉,好得快,0.032598571872089414,1,30.676190476190474,1,0.03259857187200331
黛玉,间歇,0.032598571872089414,1,30.676190476190474,1,0.03259857187200331
黛玉,未病,0.032598571872089414,1,30.676190476190474,1,0.03259857187200331
黛玉,屋在,0.032598571872089414,1,30.676190476190474,1,0.03259857187200331
黛玉,俱极,0.032598571872089414,1,30.676190476190474,1,0.03259857187200331
黛玉,来些,0.032598571872089414,1,30.676190476190474,1,0.03259857187200331
黛玉,黛玉生,0.032598571872089414,1,30.676190476190474,1,0.03259857187200331
黛玉,临凡,0.032598571872089414,1,30.676190476190474,1,0.03259857187200331
黛玉,艳艳,0.032598571872089414,1,30.676190476190474,1,0.03259857187200331
黛玉,虽经,0.032598571872089414,1,30.676190476190474,1,0.03259857187200331
黛玉,送黛玉,0.032598571872089414,1,30.676190476190474,1,0.03259857187200331
黛玉,闷到,0.032598571872089414,1,30.676190476190474,1,0.03259857187200331
黛玉,黛玉死,0.032598571872089414,1,30.676190476190474,1,0.03259857187200331
黛玉,离凡,0.032598571872089414,1,30.676190476190474,1,0.03259857187200331
黛玉,返仙,0.032598571872089414,1,30.676190476190474,1,0.03259857187200331
黛玉,人恐,0.032598571872089414,1,30.676190476190474,1,0.03259857187200331
黛玉,恐招,0.032598571872089414,1,30.676190476190474,1,0.03259857187200331
黛玉,心惟,0.032598571872089414,1,30.676190476190474,1,0.03259857187200331
黛玉,第一零九回,0.032598571872089414,1,30.676190476190474,1,0.03259857187200331
黛玉,候芳魂,0.032598571872089414,1,30.676190476190474,1,0.03259857187200331
黛玉,错爱,0.032598571872089414,1,30.676190476190474,1,0.03259857187200331
黛玉,孽债,0.032598571872089414,1,30.676190476190474,1,0.03259857187200331
黛玉,迎女,0.032598571872089414,1,30.676190476190474,1,0.03259857187200331
黛玉,返真元,0.032598571872089414,1,30.676190476190474,1,0.03259857187200331
黛玉,招些,0.032598571872089414,1,30.676190476190474,1,0.03259857187200331
黛玉,念诗,0.032598571872089414,1,30.676190476190474,1,0.03259857187200331
黛玉,心邪,0.032598571872089414,1,30.676190476190474,1,0.03259857187200331
黛玉,能免,0.032598571872089414,1,30.676190476190474,1,0.03259857187200331
黛玉,花冠,0.032598571872089414,1,30.676190476190474,1,0.03259857187200331
黛玉,身穿,0.032598571872089414,1,30.676190476190474,1,0.03259857187200331
黛玉,这紫鹃蒙,0.032598571872089414,1,30.676190476190474,1,0.03259857187200331
黛玉,很费,0.032598571872089414,1,30.676190476190474,1,0.03259857187200331
黛玉,贾政扶,0.032598571872089414,1,30.676190476190474,1,0.03259857187200331
黛玉,秦氏凤姐,0.032598571872089414,1,30.676190476190474,1,0.03259857187200331
黛玉,先安,0.032598571872089414,1,30.676190476190474,1,0.03259857187200331
黛玉,自送,0.032598571872089414,1,30.676190476190474,1,0.03259857187200331
黛玉,坟基,0.032598571872089414,1,30.676190476190474,1,0.03259857187200331
黛玉,贾兰得,0.032598571872089414,1,30.676190476190474,1,0.03259857187200331
黛玉,乍寒,0.032598571872089414,1,30.676190476190474,1,0.03259857187200331
黛玉,投帖,0.032598571872089414,1,30.676190476190474,1,0.03259857187200331
黛玉,开船,0.032598571872089414,1,30.676190476190474,1,0.03259857187200331
黛玉,船中,0.032598571872089414,1,30.676190476190474,1,0.03259857187200331
黛玉,起旱,0.032598571872089414,1,30.676190476190474,1,0.03259857187200331
黛玉,停笔,0.032598571872089414,1,30.676190476190474,1,0.03259857187200331
黛玉,船头,0.032598571872089414,1,30.676190476190474,1,0.03259857187200331
黛玉,雪影,0.032598571872089414,1,30.676190476190474,1,0.03259857187200331
黛玉,光着头,0.032598571872089414,1,30.676190476190474,1,0.03259857187200331
黛玉,赤着,0.032598571872089414,1,30.676190476190474,1,0.03259857187200331
黛玉,贾政倒,0.032598571872089414,1,30.676190476190474,1,0.03259857187200331
黛玉,身下,0.032598571872089414,1,30.676190476190474,1,0.03259857187200331
黛玉,认清,0.032598571872089414,1,30.676190476190474,1,0.03259857187200331
黛玉,出船,0.032598571872089414,1,30.676190476190474,1,0.03259857187200331
